path,ext,size,sha,status,chars,duplicate_of,note
Memorie passate + template/CONTENZIOSO_Maria_Rosa/ENERGIA/MEMORIA DI COSTITUZIONE IN GIUDIZIO COMUNE DI BITRITTO C- E-DISTRIBUZIONE_revMaria.docx,.docx,26148,4869022e942c,converted,15414,,
Memorie passate + template/CONTENZIOSO_Maria_Rosa/GAS/BITRITTO C- ITALGAS_revMaria_avvCATURANI_DE MARTINO.docx,.docx,31965,3b0f300ba916,converted,21580,,
Memorie passate + template/CONTENZIOSO_Maria_Rosa/GAS/CAPRIATE SAN GERVASIO C- ITALGAS RETI  SPA_revMaria24Aprile.docx,.docx,46773,d37a157395f7,converted,25678,,
Memorie passate + template/CONTENZIOSO_Maria_Rosa/GAS/CINISELLO BALSAMO UNARETI MEMORIA DI COSTITUZIONE IN GIUDIZIO COMUNE DI CINISELLO BALSAMO C- UNARETI.docx,.docx,35228,2dfffe47fd75,converted,24142,,
Memorie passate + template/CONTENZIOSO_Maria_Rosa/GAS/COMPARSA COSTITUZIONE COMUNE SESSA AURUNCA C- ITALGAS.docx,.docx,94431,9ad1723795d2,converted,22154,,
Memorie passate + template/CONTENZIOSO_Maria_Rosa/GAS/COMPARSA DI COSTITUZIONE COMUNE DI CASAGIOVE C- ITALGAS_revMaria.docx,.docx,30109,8164ad260144,converted,19767,,
Memorie passate + template/CONTENZIOSO_Maria_Rosa/GAS/Geset Portici c - ITALGAS spa Comparsa di Costituzione.docx,.docx,50119,b62d38286e5a,converted,32726,,
Memorie passate + template/CONTENZIOSO_Maria_Rosa/GAS/Memoria di Costituzione Comune di PALAGIANO c. ITALGAS.docx,.docx,243433,5cab68c5a90f,converted,17733,,
Memorie passate + template/CONTENZIOSO_Maria_Rosa/GAS/NOTA PER FUNZIONARIO COMUNE SESSA AURUNCA SU CONTENZIOSO ITALGAS.docx,.docx,63176,24fa61beb6f6,converted,8614,,
Memorie passate + template/CONTENZIOSO_Maria_Rosa/GAS/PALAGIANO_ITALGASavvPATTI_revMaria.docx,.docx,243592,b94ea7f58407,converted,17734,,
Memorie passate + template/CONTENZIOSO_Maria_Rosa/IDRICO/CASSAZIONE 2180.pdf,.pdf,194651,8b12bc8f3dcb,converted,7312,,
Memorie passate + template/CONTENZIOSO_Maria_Rosa/IDRICO/COMPARSE E MEMORIE/BELFORTE ALL_ISAURO c- Marche Multiservizi_avvCicerchia_revMaria.docx,.docx,26996,4ff78e14ba5b,converted,23645,,
Memorie passate + template/CONTENZIOSO_Maria_Rosa/IDRICO/COMPARSE E MEMORIE/COMPARSA DI COSTITUZIONE COMUNE DI PALAGIANO C- ACQUEDOTTO PUGLIESE.docx,.docx,37400,ae824818b018,converted,31397,,
Memorie passate + template/CONTENZIOSO_Maria_Rosa/IDRICO/COMPARSE E MEMORIE/COMPARSA DI COSTITUZIONE COMUNE DI PALAGIANO C- ACQUEDOTTO PUGLIESE.pdf,.pdf,743589,3ac25f87a3ea,converted,31806,,
Memorie passate + template/CONTENZIOSO_Maria_Rosa/IDRICO/COMPARSE E MEMORIE/Capriate c. UniAcque_revMaria_avvSeverino_Bertocchi.docx,.docx,28183,15c719342d50,converted,18506,,
Memorie passate + template/CONTENZIOSO_Maria_Rosa/IDRICO/COMPARSE E MEMORIE/Comparsa di Costituzione Comune di Aquara c- ASIS spa_avvALFANO02_04_26.pdf,.pdf,396887,48c51edff08b,converted,26010,,
Memorie passate + template/CONTENZIOSO_Maria_Rosa/IDRICO/COMPARSE E MEMORIE/Comparsa di Costituzione Comune di Aquara c- ASIS spa_avvALFANO_02_04_26.docx,.docx,34480,85c1ddbfeb08,converted,25639,,
Memorie passate + template/CONTENZIOSO_Maria_Rosa/IDRICO/COMPARSE E MEMORIE/Comune di Portici c. GORI - Comparsa di costituzione.docx,.docx,39897,709f9d534355,converted,15812,,
Memorie passate + template/CONTENZIOSO_Maria_Rosa/IDRICO/COMPARSE E MEMORIE/MEMORIA DI COSTITUZIONE CINISELLO BALSAMO C- CAP HOLDING_revMaria8LUGLIO.docx,.docx,29206,98a4e8d1d252,converted,19088,,
Memorie passate + template/CONTENZIOSO_Maria_Rosa/IDRICO/COMPARSE E MEMORIE/MEMORIA DI COSTITUZIONE COMUNE DI CINISELLO BALSAMO C- CAP HOLDING.docx,.docx,29206,98a4e8d1d252,duplicate,0,Memorie passate + template/CONTENZIOSO_Maria_Rosa/IDRICO/COMPARSE E MEMORIE/MEMORIA DI COSTITUZIONE CINISELLO BALSAMO C- CAP HOLDING_revMaria8LUGLIO.docx,
Memorie passate + template/CONTENZIOSO_Maria_Rosa/IDRICO/COMPARSE E MEMORIE/MEMORIA DI COSTITUZIONE IN GIUDIZIO COMUNE DI BITRITTO C- ACQUEDOTTO PUGLIESE rev Maria 14.7.26 .docx,.docx,33356,e82451408a94,converted,22399,,
Memorie passate + template/CONTENZIOSO_Maria_Rosa/IDRICO/CUP – Con il Servizio Idrico Integrato si paga il canone per due distinti servizi di rete.pdf,.pdf,100033,0d3d42335a21,converted,7025,,
Memorie passate + template/CONTENZIOSO_Maria_Rosa/IDRICO/Capriate c. UniAcque_revMaria versSuperdef_avv Ardolino_Severino.docx,.docx,30509,c8737dd29156,converted,20028,,
Memorie passate + template/CONTENZIOSO_Maria_Rosa/IDRICO/Comparsa di Costituzione in Giudizio Comune di Palestro c - PaviaAcque_revMaria2Luglio.docx,.docx,31945,2cd4d862556c,converted,25006,,
Memorie passate + template/CONTENZIOSO_Maria_Rosa/IDRICO/Comune di Portici c. GORI - Comparsa di costituzione.docx,.docx,39897,709f9d534355,duplicate,0,Memorie passate + template/CONTENZIOSO_Maria_Rosa/IDRICO/COMPARSE E MEMORIE/Comune di Portici c. GORI - Comparsa di costituzione.docx,
Memorie passate + template/CONTENZIOSO_Maria_Rosa/IDRICO/Corte D’Appello di Venezia – Sez. II – Sentenza 84 del 9 3 2026.pdf,.pdf,373283,a32dea7c0a5e,converted,28990,,
Memorie passate + template/CONTENZIOSO_Maria_Rosa/IDRICO/Delibera Corte dei Conti _216_2024_Lombardia.pdf,.pdf,128872,6c0f5dac6ad7,converted,11666,,
Memorie passate + template/CONTENZIOSO_Maria_Rosa/IDRICO/Il CUP per il servizio idrico è dovuto anche dalla società in house del Comune.pdf,.pdf,110292,9945ca7c1a62,converted,8545,,
Memorie passate + template/CONTENZIOSO_Maria_Rosa/IDRICO/LE AZIENDE MUNICIPALIZZATE DEL SERVIZIO IDRICO PAGANO IL CUP.docx,.docx,21089,2b1b5600c394,converted,11859,,
Memorie passate + template/CONTENZIOSO_Maria_Rosa/IDRICO/Le Aziende Municipalizzate del Servizio Idrico Integrato pagano il CUP.pdf,.pdf,114488,47ce5e0b5604,converted,12193,,
Memorie passate + template/CONTENZIOSO_Maria_Rosa/IDRICO/Le indicazioni di ARERA sull’applicazione del CUP ai gestori del SII – Servizio Idrico Integrato.docx,.docx,22264,009ada482cc5,converted,16066,,
Memorie passate + template/CONTENZIOSO_Maria_Rosa/IDRICO/Le multiutility devono pagare il CUP.pdf,.pdf,117538,521f72f40afa,converted,11562,,
Memorie passate + template/CONTENZIOSO_Maria_Rosa/IDRICO/NOTA PER FUNZIONARIO COMUNE CAPRIATE SU CONTENZIOSO UNIACQUE_02_04_26.docx_revMaria.docx,.docx,59029,8c5870845a65,converted,4706,,
Memorie passate + template/CONTENZIOSO_Maria_Rosa/IDRICO/SENTENZA_CORTE_DI_APPELLO_DI_MILANO_N._3003_2018_-_N._R.G._00003566_2016_DEPOSITO_MINUTA_15_06_2018__PUBBLICAZIONE_18_06_2018.pdf,.pdf,373019,95f1a2e649cb,converted,24010,,
Memorie passate + template/CONTENZIOSO_Maria_Rosa/IDRICO/SENTENZA_TRIBUNALE_DI_PRATO_N._28_2025_-_N._R.G._00000327_2024_DEPOSITO_MINUTA_15_01_2025__PUBBLICAZIONE_15_01_2025 (1).pdf,.pdf,264707,f29a9579b755,converted,43655,,
Memorie passate + template/CONTENZIOSO_Maria_Rosa/IDRICO/SENTENZA_TRIBUNALE_DI_PRATO_N._28_2025_-_N._R.G._00000327_2024_DEPOSITO_MINUTA_15_01_2025__PUBBLICAZIONE_15_01_2025.pdf,.pdf,264707,f29a9579b755,duplicate,0,Memorie passate + template/CONTENZIOSO_Maria_Rosa/IDRICO/SENTENZA_TRIBUNALE_DI_PRATO_N._28_2025_-_N._R.G._00000327_2024_DEPOSITO_MINUTA_15_01_2025__PUBBLICAZIONE_15_01_2025 (1).pdf,
Memorie passate + template/CONTENZIOSO_Maria_Rosa/IDRICO/SENTENZA_TRIBUNALE_DI_SALERNO_N._1658_2019_-_N._R.G._00001055_2016_DEPOSITO_MINUTA_15_05_2019__PUBBLICAZIONE_15_05_2019.pdf,.pdf,565945,5c003acaf00e,converted,31170,,
Memorie passate + template/CONTENZIOSO_Maria_Rosa/IDRICO/SENTENZA_TRIBUNALE_DI_SALERNO_N._2432_2022_-_N._R.G._00003038_2014_DEPOSITO_MINUTA_04_07_2022__PUBBLICAZIONE_04_07_2022.pdf,.pdf,406442,2127c49666ae,converted,32039,,
Memorie passate + template/CONTENZIOSO_Maria_Rosa/IDRICO/SENTENZA_TRIBUNALE_DI_SCIACCA_N._95_2016_-_N._R.G._00000012_2014_DEPOSITO_MINUTA_15_02_2016__PUBBLICAZIONE_15_02_2016.pdf,.pdf,303499,3de9edaa2f72,converted,22102,,
Memorie passate + template/CONTENZIOSO_Maria_Rosa/IDRICO/Sentenza C.d.A. Venezia 3441-2025.pdf,.pdf,349436,5ebf5d8436b8,converted,30099,,
Memorie passate + template/CONTENZIOSO_Maria_Rosa/IDRICO/Sentenza_RG_000447_2024_UD_16062025.pdf,.pdf,99338,d3e6299a6f5d,converted,8471,,
Memorie passate + template/CONTENZIOSO_Maria_Rosa/IDRICO/Tribunale-Rovigo-Sez.I-Sentenza-del-22_11_2024.pdf,.pdf,343677,e0e1de4fbbe6,converted,18886,,
Memorie passate + template/CONTENZIOSO_Maria_Rosa/IDRICO/commento a sentenza Cass 2180 del 30.01.2020 - Servizio idrico integrato - acqua -fogne - due occupazioni sottosuolo pubblico.docx,.docx,14189,85a702ef4d54,converted,972,,
Memorie passate + template/CONTENZIOSO_Maria_Rosa/TELEFONIA/AGCOM RELAZIONE ANNUALE 2024.pdf,.pdf,0,e3b0c44298fc,error,0,,Cannot read an empty file
Memorie passate + template/CONTENZIOSO_Maria_Rosa/TELEFONIA/AGCOM_Osservatorio n.4-2025_0 (1).pdf,.pdf,2803805,ba220068fdb5,converted,75181,,
Memorie passate + template/CONTENZIOSO_Maria_Rosa/TELEFONIA/CASSAZIONE 11479_28Aprile2026.pdf,.pdf,138228,bbc1b83a996b,converted,14626,,
Memorie passate + template/CONTENZIOSO_Maria_Rosa/TELEFONIA/CIRCOLARE MEF 2009.pdf,.pdf,157958,8d4df9027573,converted,31928,,
Memorie passate + template/CONTENZIOSO_Maria_Rosa/TELEFONIA/Circolare-n.-1-DF-del-2026-Natura-tributaria-del-CU.pdf,.pdf,256036,8e70f77ae90b,converted,7775,,
Memorie passate + template/CONTENZIOSO_Maria_Rosa/TELEFONIA/Comparsa_PALAGIANO_ITALGAS_avvMaimoneAnsaldoPatti.docx,.docx,243612,259c5e7e5445,converted,17734,,
Memorie passate + template/CONTENZIOSO_Maria_Rosa/TELEFONIA/FASTWEB/CAZZANO DI TRAMIGLIA_FASTWEB INCORPORANTE VODAFONE_revMaria_avvCARUSO.docx,.docx,134598,80fd286dffe8,converted,49519,,
Memorie passate + template/CONTENZIOSO_Maria_Rosa/TELEFONIA/FASTWEB/CAZZANO DI TRAMIGNA_FASTWEB_revMaria_avvCaruso.docx,.docx,43530,c657ea9198b7,converted,49419,,
Memorie passate + template/CONTENZIOSO_Maria_Rosa/TELEFONIA/FASTWEB/CITAZIONE OPPOSIZIONE FASTWEB COM. BERBENNO.pdf,.pdf,470511,ed9f058118ff,converted,52531,,
Memorie passate + template/CONTENZIOSO_Maria_Rosa/TELEFONIA/FASTWEB/COMPARSA DI COSTITUZIONE IN GIUDIZIO COMUNE DI PALESTRO C- FASTWEB_revMaria 30Giugno.docx,.docx,123801,264255cee027,converted,44784,,
Memorie passate + template/CONTENZIOSO_Maria_Rosa/TELEFONIA/FASTWEB/COMPARSA DI COSTITUZIONE IN GIUDIZIO COMUNE DI PALESTRO C- FASTWEB_revMaria2Luglio.docx,.docx,123919,f93ac76e126b,converted,44813,,
Memorie passate + template/CONTENZIOSO_Maria_Rosa/TELEFONIA/FASTWEB/COMPARSA_AQUARA C- FASTWEB INCORPORANTE VODAFONE_avvMezzagreco_Alaimo.docx,.docx,41584,7aff07a02b26,converted,39299,,
Memorie passate + template/CONTENZIOSO_Maria_Rosa/TELEFONIA/FASTWEB/Cinisello Balsamo c- FASTWEB incorporante Vodafone_REVMARIA_avvMazagreco_14Luglio.docx,.docx,128170,9caccfb6276d,converted,51731,,
Memorie passate + template/CONTENZIOSO_Maria_Rosa/TELEFONIA/FASTWEB/Comparsa Comune Berbenno c-  Fastweb.doc,.doc,110592,ea43562acea7,converted,27986,,
Memorie passate + template/CONTENZIOSO_Maria_Rosa/TELEFONIA/FASTWEB/Comparsa GESET ITALA spa c-  Fastweb spa 9.12.doc,.doc,122880,cc5e4d8eab25,converted,39444,,
Memorie passate + template/CONTENZIOSO_Maria_Rosa/TELEFONIA/FASTWEB/Comparsa di Costituzione in giudizio Comune di Palestro c- Fastweb incorporante Vodafone_revMaria2luglio.docx,.docx,124398,b2c286930139,converted,45529,,
Memorie passate + template/CONTENZIOSO_Maria_Rosa/TELEFONIA/FASTWEB/Comparsa di Costituzione in giudizio Comune di Palestro c- Fastweb incorporante Vodafone_revMaria30Giugno.docx,.docx,123842,8e8c4827c877,converted,45500,,
Memorie passate + template/CONTENZIOSO_Maria_Rosa/TELEFONIA/FASTWEB/Comparsa_AQUARA_FASTWEB_20Marzo_avv_Mazzagreco_Alaimo.docx,.docx,37175,916aad3f469a,converted,39245,,
Memorie passate + template/CONTENZIOSO_Maria_Rosa/TELEFONIA/FASTWEB/Foglio di precisazione delle conclusioni Comune Berbenno c-  Fastweb.doc,.doc,60416,e756f8029808,converted,2411,,
Memorie passate + template/CONTENZIOSO_Maria_Rosa/TELEFONIA/FASTWEB/Foglio di precisazione delle conclusioni perComune Berbenno c-  Fastweb.docx,.docx,26261,1ee0ebcb4a97,converted,1602,,
Memorie passate + template/CONTENZIOSO_Maria_Rosa/TELEFONIA/FASTWEB/MONTEFALCO C- FASTWEB EX VODAFONE_revMaria21Luglio.docx,.docx,130451,38d8a6294383,converted,44254,,
Memorie passate + template/CONTENZIOSO_Maria_Rosa/TELEFONIA/FASTWEB/Memoria Integrativa II Comune Berbenno c-  Fastweb.doc,.doc,83968,af1c462eba01,converted,17753,,
Memorie passate + template/CONTENZIOSO_Maria_Rosa/TELEFONIA/FASTWEB/NOTA_PER_FUNZIONARIO_COMUNE_CAPRIATE_CONTENZIOSO_FASTWEB_02_04_26-2_revMaria.docx,.docx,60887,c997620f271c,converted,5640,,
Memorie passate + template/CONTENZIOSO_Maria_Rosa/TELEFONIA/FASTWEB/NOTE FINALI PER COMUNE DI BERBENNO - FASTWEB.docx,.docx,39838,24c936161f1b,converted,25309,,
Memorie passate + template/CONTENZIOSO_Maria_Rosa/TELEFONIA/FASTWEB/Note finali Comune Berbenno c-  Fastweb.doc,.doc,71168,dc4287eb8bbf,converted,11411,,
Memorie passate + template/CONTENZIOSO_Maria_Rosa/TELEFONIA/FASTWEB/PRIMA_MEMORIA_INTEGRATIVA di_FW.pdf,.pdf,284363,b53304ba1156,converted,11731,,
Memorie passate + template/CONTENZIOSO_Maria_Rosa/TELEFONIA/FASTWEB/SESSA AURUNCA C- FASTWEB INCORPORANTE VODAFONE_vers2revMaria.docx_avvAlaimo.docx,.docx,133748,600bc4d946fa,converted,45345,,
Memorie passate + template/CONTENZIOSO_Maria_Rosa/TELEFONIA/FASTWEB/TRIBUNALE DI BERGAMO 25.11.2025 COMUNE DI BERBENNO C- FASTWEB.pdf,.pdf,235628,0fc76c519c77,converted,7082,,
Memorie passate + template/CONTENZIOSO_Maria_Rosa/TELEFONIA/FASTWEB/Tribunale Piacenza Sentenza 207 del 06.05.2025 - 1grado VODAFONE.pdf,.pdf,226637,72a0e0b18efc,converted,16541,,
Memorie passate + template/CONTENZIOSO_Maria_Rosa/TELEFONIA/FASTWEB/Tribunale di Piacenza sentenza 350 del 16.07.2025 -appello WIND.pdf,.pdf,267818,225c8b8dd8c8,converted,22214,,
Memorie passate + template/CONTENZIOSO_Maria_Rosa/TELEFONIA/FASTWEB/appello fastweb/APPELLO FASTWEB COM. BERBENNO (1).pdf,.pdf,496567,b6ea9354ca45,converted,63918,,
Memorie passate + template/CONTENZIOSO_Maria_Rosa/TELEFONIA/FASTWEB/appello fastweb/BERBENNO_FASTWEB Appello_avvCaruso_revMaria.docx,.docx,47096,1cb696130d5b,converted,40815,,
Memorie passate + template/CONTENZIOSO_Maria_Rosa/TELEFONIA/FASTWEB/appello fastweb/Comparsa_BERBENNO c- FASTWEB Appello_avvCARUSO.docx,.docx,47180,477875fb0587,converted,40815,,
Memorie passate + template/CONTENZIOSO_Maria_Rosa/TELEFONIA/SENTENZA N. 1523-2025 TRIBUNALE DI BERGAMO.pdf,.pdf,243355,eef890cf0c42,converted,8117,,
Memorie passate + template/CONTENZIOSO_Maria_Rosa/TELEFONIA/Sentenza n. 908 2025 del 15.10.2025 del Tribunale di Bolzano.pdf,.pdf,278493,2d0abc1069b6,converted,22240,,
Memorie passate + template/CONTENZIOSO_Maria_Rosa/TELEFONIA/TRIBUNALE DI BERGAMO 25.11.2025 COMUNE DI BERBENNO C- FASTWEB.pdf,.pdf,235628,0fc76c519c77,duplicate,0,Memorie passate + template/CONTENZIOSO_Maria_Rosa/TELEFONIA/FASTWEB/TRIBUNALE DI BERGAMO 25.11.2025 COMUNE DI BERBENNO C- FASTWEB.pdf,
Memorie passate + template/CONTENZIOSO_Maria_Rosa/TELEFONIA/Tribunale Ivrea n. 1255-2025 del 29.09.2025_WIND3.pdf,.pdf,116008,472644418ac1,converted,16711,,
Memorie passate + template/CONTENZIOSO_Maria_Rosa/TELEFONIA/Tribunale Piacenza Sentenza 207 del 06.05.2025 - 1grado VODAFONE.pdf,.pdf,226637,72a0e0b18efc,duplicate,0,Memorie passate + template/CONTENZIOSO_Maria_Rosa/TELEFONIA/FASTWEB/Tribunale Piacenza Sentenza 207 del 06.05.2025 - 1grado VODAFONE.pdf,
Memorie passate + template/CONTENZIOSO_Maria_Rosa/TELEFONIA/Tribunale Treviso n. 240-2025 del 20.02.2025.pdf,.pdf,454425,76fc0a7073b3,converted,18016,,
Memorie passate + template/CONTENZIOSO_Maria_Rosa/TELEFONIA/Tribunale di Piacenza sentenza 350 del 16.07.2025 -appello WIND.pdf,.pdf,267818,225c8b8dd8c8,duplicate,0,Memorie passate + template/CONTENZIOSO_Maria_Rosa/TELEFONIA/FASTWEB/Tribunale di Piacenza sentenza 350 del 16.07.2025 -appello WIND.pdf,
Memorie passate + template/CONTENZIOSO_Maria_Rosa/TELEFONIA/Tribunale-di-Bolzano n. 431-2024 del 08.04.2024.pdf,.pdf,237889,68d100af4c06,converted,20988,,
Memorie passate + template/CONTENZIOSO_Maria_Rosa/TELEFONIA/VODAFONE/AQUARA c- FASTWEB Incorporante VODAFONE_avvALAIMO_MEZZAGRECO__revMaria.docx,.docx,43483,a34d72208779,converted,44631,,
Memorie passate + template/CONTENZIOSO_Maria_Rosa/TELEFONIA/VODAFONE/AQUARA c- FASTWEB_avvVITIELLO_revMaria.docx,.docx,43291,7a65f7522fcd,converted,45376,,
Memorie passate + template/CONTENZIOSO_Maria_Rosa/TELEFONIA/VODAFONE/CAPRIATE SAN GERVASIO C- FASTWEB_AVV_MAZZAGRECO_ALAIMO_revMaria.docx,.docx,43299,ba0a562c7bbb,converted,45529,,
Memorie passate + template/CONTENZIOSO_Maria_Rosa/TELEFONIA/VODAFONE/CAPRIATE SAN GERVASIO C- _FASTWEB EX VODAFONE PARERE SU OPPORTUNITA_DI COSTITUZIONE IN GIUDIZIO_revMaria.docx,.docx,62789,19dadd101381,converted,6141,,
Memorie passate + template/CONTENZIOSO_Maria_Rosa/TELEFONIA/VODAFONE/CITAZIONE OPPOSIZIONE FASTWEB COM. BERBENNO.pdf,.pdf,8012687,c5731d1ec464,error,0,,Stream has ended unexpectedly
Memorie passate + template/CONTENZIOSO_Maria_Rosa/TELEFONIA/VODAFONE/CITAZIONE OPPOSIZIONE VODAFONE C- COM. BERBENNO CUP 21-22-23-24.pdf,.pdf,477212,ad8935907f44,converted,55849,,
Memorie passate + template/CONTENZIOSO_Maria_Rosa/TELEFONIA/VODAFONE/Comparsa Comune Berbenno c-  VODAFONE.doc,.doc,113664,2f59ae0b1106,converted,28141,,
Memorie passate + template/CONTENZIOSO_Maria_Rosa/TELEFONIA/VODAFONE/Comparsa Costituzione Comune Berbenno c-  VODAFONE.pdf,.pdf,749359,6303fbeec30b,converted,28275,,
Memorie passate + template/CONTENZIOSO_Maria_Rosa/TELEFONIA/VODAFONE/Comparsa GESET ITALA spa c- VODAFONE.doc,.doc,119808,ac227b48e6fc,converted,38132,,
Memorie passate + template/CONTENZIOSO_Maria_Rosa/TELEFONIA/VODAFONE/Comparsa_Palagiano_Vodafone_avvMezzagreco_Alaimo.docx,.docx,32627,ed9b11ec7b38,converted,26789,,
Memorie passate + template/CONTENZIOSO_Maria_Rosa/TELEFONIA/VODAFONE/MEMORIA DI COSTITUZIONE COMUNE DI MONTEFALCO C- FASTWEB EX VODAFONE 21.7.26 AVV. MAZZAGRECO ALAIMO.docx,.docx,130833,a892a19adc3c,converted,44631,,
Memorie passate + template/CONTENZIOSO_Maria_Rosa/TELEFONIA/VODAFONE/Memoria Comune di Palagiano c- Vodafone.docx,.docx,35597,c4314e907ec2,converted,27276,,
Memorie passate + template/CONTENZIOSO_Maria_Rosa/TELEFONIA/VODAFONE/Memoria Integrativa I Comune Berbenno c-  Vodafone ud. 25.11.2025.doc,.doc,59904,40b554a921d9,converted,1532,,
Memorie passate + template/CONTENZIOSO_Maria_Rosa/TELEFONIA/VODAFONE/Memoria Integrativa I Comune Berbenno c-  Vodafone ud. 25.11.2025.pdf,.pdf,567187,c6b9828f2e25,converted,1448,,
Memorie passate + template/CONTENZIOSO_Maria_Rosa/TELEFONIA/VODAFONE/Memoria Integrativa II Comune Berbenno c-  Vodafone ud. 25.11.2025.doc,.doc,88064,0e2ae59a0d74,converted,18737,,
Memorie passate + template/CONTENZIOSO_Maria_Rosa/TELEFONIA/VODAFONE/Memoria Integrativa II Comune Berbenno c-  Vodafone ud. 25.11.2025.pdf,.pdf,769588,f0e60fa777a2,converted,18993,,
Memorie passate + template/CONTENZIOSO_Maria_Rosa/TELEFONIA/VODAFONE/Memoria Integrativa II Comune Berbenno c-  Vodafone.doc,.doc,86016,3798c532de73,converted,17412,,
Memorie passate + template/CONTENZIOSO_Maria_Rosa/TELEFONIA/VODAFONE/Memoria Integrativa II Comune Berbenno c-  Vodafone.pdf,.pdf,774915,be3ad07ad052,converted,17655,,
Memorie passate + template/CONTENZIOSO_Maria_Rosa/TELEFONIA/VODAFONE/Memoria Integrativa III Comune Berbenno c-  Vodafone ud. 25.11.docx,.docx,31232,3b8e878d5a4a,converted,6058,,
Memorie passate + template/CONTENZIOSO_Maria_Rosa/TELEFONIA/VODAFONE/Memoria Integrativa III Comune Berbenno c-  Vodafone ud. 25.11.pdf,.pdf,615662,e2cefb7c714f,converted,6155,,
Memorie passate + template/CONTENZIOSO_Maria_Rosa/TELEFONIA/VODAFONE/Memoria di Costituzione in GiudizIo Comune Castelsaraceno c- FASTWEB_ex Vodafone 21.7.26 AVV. ALOSI CASSATA .docx,.docx,134813,c7e2715688fb,converted,58460,,
Memorie passate + template/CONTENZIOSO_Maria_Rosa/TELEFONIA/VODAFONE/PALAGIANO_Vodafone_avv_ALAIMO_MAZZAGRECO_revMaria.docx,.docx,32576,58bdac20e2c6,converted,26789,,
Memorie passate + template/CONTENZIOSO_Maria_Rosa/TELEFONIA/VODAFONE/Sentenza n. 908 2025 del 15.10.2025 del Tribunale di Bolzano.pdf,.pdf,278493,2d0abc1069b6,duplicate,0,Memorie passate + template/CONTENZIOSO_Maria_Rosa/TELEFONIA/Sentenza n. 908 2025 del 15.10.2025 del Tribunale di Bolzano.pdf,
Memorie passate + template/CONTENZIOSO_Maria_Rosa/TELEFONIA/VODAFONE/Tribunale Piacenza Sentenza 207 del 06.05.2025 - 1grado VODAFONE.pdf,.pdf,226637,72a0e0b18efc,duplicate,0,Memorie passate + template/CONTENZIOSO_Maria_Rosa/TELEFONIA/FASTWEB/Tribunale Piacenza Sentenza 207 del 06.05.2025 - 1grado VODAFONE.pdf,
Memorie passate + template/CONTENZIOSO_Maria_Rosa/TELEFONIA/VODAFONE/Tribunale di Piacenza sentenza 350 del 16.07.2025 -appello WIND.pdf,.pdf,267818,225c8b8dd8c8,duplicate,0,Memorie passate + template/CONTENZIOSO_Maria_Rosa/TELEFONIA/FASTWEB/Tribunale di Piacenza sentenza 350 del 16.07.2025 -appello WIND.pdf,
Memorie passate + template/CONTENZIOSO_Maria_Rosa/TELEFONIA/VODAFONE/VF_BERBENNO_SECONDA_MEMORIA.pdf,.pdf,216608,a5a9d9ad0107,converted,2127,,
Memorie passate + template/CONTENZIOSO_Maria_Rosa/TELEFONIA/VODAFONE/VF_BERBENNO_TERZA_MEMORIA.pdf,.pdf,271231,eb773071ac22,converted,7184,,
Memorie passate + template/CONTENZIOSO_Maria_Rosa/TELEFONIA/VODAFONE/VODAFONE RASSEGNA_GIURISPRUDENZIALE_CUP di controparte.pdf,.pdf,4166744,c0f7e8f66bc2,converted,351840,,
Memorie passate + template/CONTENZIOSO_Maria_Rosa/TELEFONIA/WIND/BERBENNO C- WIND TRE_revMaria.docx,.docx,45627,3ce09e7a5b82,converted,50008,,
Memorie passate + template/CONTENZIOSO_Maria_Rosa/TELEFONIA/WIND/CAPPELLO SUL TAVO MEMORIA DI COSTITUZIONE PER IL COMUNE DI CAPPELLE SUL TAVO C- WIND AVV. MATUCCELLI MARTINO.docx,.docx,49448,ead8e5cf081e,converted,55835,,
Memorie passate + template/CONTENZIOSO_Maria_Rosa/TELEFONIA/WIND/CAPRIATE c. WINDTRE_revMaria_avv_Martino_Martucc.docx,.docx,47184,4bd277a26700,converted,55701,,
Memorie passate + template/CONTENZIOSO_Maria_Rosa/TELEFONIA/WIND/CAZZANO DI TRAMIGLIA C- WIND_revMaria_avvMartuccelli_Martino.docx,.docx,45937,b8841bf15c2c,converted,47918,,
Memorie passate + template/CONTENZIOSO_Maria_Rosa/TELEFONIA/WIND/Cinisello Balsamo c- Wind_CGT_rev_Maria10Luglio_avvMartucelli_Martino.docx,.docx,50084,d231c4f077d2,converted,54938,,
Memorie passate + template/CONTENZIOSO_Maria_Rosa/TELEFONIA/WIND/Comparsa Comune di  SANTA CROCE CAMERINA   c- WIND.pdf,.pdf,714470,3100c05d3b8d,converted,36014,,
Memorie passate + template/CONTENZIOSO_Maria_Rosa/TELEFONIA/WIND/Comparsa Comune di  SANTA CROCE CAMERINA c- WIND .doc,.doc,714172,7d5bb2e2292f,converted,714171,,
Memorie passate + template/CONTENZIOSO_Maria_Rosa/TELEFONIA/WIND/Francavilla al Mare_WIND_revMaria9Luglio_avv_Martuccelli_Martino.docx,.docx,49118,e1b7714976ab,converted,54476,,
Memorie passate + template/CONTENZIOSO_Maria_Rosa/TELEFONIA/WIND/MONTEFALCO 16.7.26 MEMORIA DI COSTITUZIONE IN GIUDIZIO PER IL COMUNE DI MONTEFALCO C- WindTre avv martuccelli martino .docx,.docx,49350,6fd2795c1d3c,converted,56351,,
Memorie passate + template/CONTENZIOSO_Maria_Rosa/TELEFONIA/WIND/Memoria 281 duodecies replica WIND SANTA CROE CAMERINA_avvProto_Martuccelli_Martino.doc.docx,.docx,27525,a1a8c0b44783,converted,10912,,
Memorie passate + template/CONTENZIOSO_Maria_Rosa/TELEFONIA/WIND/Memoria I Comune di Santa Croce Camerina c- WIND.doc,.doc,96256,7df8be5a725c,converted,10120,,
Memorie passate + template/CONTENZIOSO_Maria_Rosa/TELEFONIA/WIND/Memoria di Costituzione in GiudizIo Comune Castelsaraceno c- WIND TRE 21.7.26 MARTUCCELLI MARTINO.docx,.docx,48714,36dfa2d60afa,converted,59566,,
Memorie passate + template/CONTENZIOSO_Maria_Rosa/TELEFONIA/WIND/Note PORTICI GESET ITALA spa c- WIND per udienza del 26.03.26.doc,.doc,92672,0b3546151142,converted,9240,,
Memorie passate + template/CONTENZIOSO_Maria_Rosa/TELEFONIA/WIND/PALAGIANO_WIND_avvMARTINO_revMaria.docx,.docx,41954,1ce238cf0927,converted,45845,,
Memorie passate + template/CONTENZIOSO_Maria_Rosa/TELEFONIA/WIND/PALAGIANO_avvMartuccelli_Martino- WIND TRE SPA COMPARSA DI COSTITUZIONE IN GIUDIZIO.docx,.docx,42054,7af62c6ab57b,converted,45845,,
Memorie passate + template/CONTENZIOSO_Maria_Rosa/TELEFONIA/WIND/PALAGIANO_avvMartuccelli_Martino- WIND TRE SPA COMPARSA DI COSTITUZIONE IN GIUDIZIO.pdf,.pdf,265446,c57d58885e53,converted,46666,,
Memorie passate + template/CONTENZIOSO_Maria_Rosa/TELEFONIA/WIND/SANTA CROCE_WIND_avv_Martuccelli_Martino.docx,.docx,27465,686b7640a1f0,converted,10912,,
Memorie passate + template/CONTENZIOSO_Maria_Rosa/TEMPLATE presso CGT_9Luglio.docx,.docx,19779,f33aa8e36b3a,converted,3725,,
Memorie passate + template/CUP_ARTICOLI MERCIARI/ARTICOLI MERCIARI/AVVISO DI ACCERTAMENTO CANONE UNICO - OMESSO VERSAMENTO._ COMPAGNIE TELEFONICHE. REV.1.docx,.docx,38323,f15f5cce366d,converted,14044,,
Memorie passate + template/CUP_ARTICOLI MERCIARI/ARTICOLI MERCIARI/Affissioni - Responsabilità sul contenuto dei messaggi.docx,.docx,21084,b550a8b23237,converted,11133,,
Memorie passate + template/CUP_ARTICOLI MERCIARI/ARTICOLI MERCIARI/Aggiornamento ISTAT 2024.docx,.docx,16686,41f4c8056203,converted,4263,,
Memorie passate + template/CUP_ARTICOLI MERCIARI/ARTICOLI MERCIARI/Analisi degli operatori del servizio idrico integrato - Parte 2.docx,.docx,22363,0bb30d9a0d29,converted,8758,,
Memorie passate + template/CUP_ARTICOLI MERCIARI/ARTICOLI MERCIARI/Analisi degli operatori del servizio idrico integrato.docx,.docx,27900,21b7d69cf5da,converted,16475,,
Memorie passate + template/CUP_ARTICOLI MERCIARI/ARTICOLI MERCIARI/Anche il TAR Veneto legittima l_uso dei coefficenti per le tariffe CUP.docx,.docx,20481,0b37a6490ca8,converted,13737,,
Memorie passate + template/CUP_ARTICOLI MERCIARI/ARTICOLI MERCIARI/Ancora una sentenza sull_applicazione del canone non ricognitorio ex articolo 27 Codice della Strada.docx,.docx,14697,5c22647eb52a,converted,3008,,
Memorie passate + template/CUP_ARTICOLI MERCIARI/ARTICOLI MERCIARI/Articolo 56 - Regolamento di Attuazione CdS La Vigilanza sugli impianti pubblicitari.docx,.docx,18241,704f7d6f59c8,converted,9740,,
Memorie passate + template/CUP_ARTICOLI MERCIARI/ARTICOLI MERCIARI/CATANZARO SERVIZIO IDRICO.docx,.docx,16074,da2798ef8c3f,converted,3844,,
Memorie passate + template/CUP_ARTICOLI MERCIARI/ARTICOLI MERCIARI/COMMENTI SU COMMI CANONI PATRIMONIALI.docx,.docx,13445,573d5ba189dc,converted,1847,,
Memorie passate + template/CUP_ARTICOLI MERCIARI/ARTICOLI MERCIARI/COMMENTO SENTENZA TAR PALERMO.docx,.docx,14806,7cb7bbc8f9c8,converted,3252,,
Memorie passate + template/CUP_ARTICOLI MERCIARI/ARTICOLI MERCIARI/CONTRIBUTI OGGETTO DEL CONTRATTO SOLE 24 ORE.docx,.docx,17197,21d5eb4f07b6,converted,1532,,
Memorie passate + template/CUP_ARTICOLI MERCIARI/ARTICOLI MERCIARI/CUP - illegittime le esenzioni non previste per legge o regolamento.docx,.docx,19380,773ad0aa4663,converted,8599,,
Memorie passate + template/CUP_ARTICOLI MERCIARI/ARTICOLI MERCIARI/CUP ancora incertezze sul giudice competente.docx,.docx,15904,9d8a89ad8d35,converted,5052,,
Memorie passate + template/CUP_ARTICOLI MERCIARI/ARTICOLI MERCIARI/Canoni e corrispettivi a confronto per gli impianti di proprietà comunale e quelli privati.docx,.docx,17354,0948354643a8,converted,7748,,
Memorie passate + template/CUP_ARTICOLI MERCIARI/ARTICOLI MERCIARI/Che fine ha fatto la TARI giornaliera storicamente applicata agli ambulanti del mercato .docx,.docx,16628,2493ab7c00a6,converted,5266,,
Memorie passate + template/CUP_ARTICOLI MERCIARI/ARTICOLI MERCIARI/Come calcolare il CUP per le iniziative pubblicitarie in occasione dei saldi estivi.docx,.docx,17851,4bb379060611,converted,6366,,
Memorie passate + template/CUP_ARTICOLI MERCIARI/ARTICOLI MERCIARI/Come cambia il CUP per i servizi di telefonia dopo la vendita della rete da parte di TIM.docx,.docx,18679,b56dd94428e0,converted,6435,,
Memorie passate + template/CUP_ARTICOLI MERCIARI/ARTICOLI MERCIARI/Come organizzare un Piano generale degli Impianti Pubblicitari e gestirne gli effetti sul territorio.docx,.docx,18424,63ae9f9651d9,converted,6273,,
Memorie passate + template/CUP_ARTICOLI MERCIARI/ARTICOLI MERCIARI/Commento Sentenza di Corte di Cassazione Civile Ord. Sez. 1 Num. 17184 Anno 2025.docx,.docx,14422,63a79cb053a6,converted,1658,,
Memorie passate + template/CUP_ARTICOLI MERCIARI/ARTICOLI MERCIARI/Con il Decreto Legge n. 19 2026 cambiano le procedure per l’installazione dei mezzi pubblicitari.docx,.docx,20337,ad46849479fd,converted,8995,,
Memorie passate + template/CUP_ARTICOLI MERCIARI/ARTICOLI MERCIARI/Contratto_collaborazione_Alesssandro Merciari_2025.docx,.docx,93883,9aaa3a47cf51,converted,23879,,
Memorie passate + template/CUP_ARTICOLI MERCIARI/ARTICOLI MERCIARI/Corretto l’avviso di accertamento CUP basato su un verbale Polizia Municipale..docx,.docx,15766,8d89fb7420e0,converted,3270,,
Memorie passate + template/CUP_ARTICOLI MERCIARI/ARTICOLI MERCIARI/Cosa resta del vincolo della parità di gettito nel Canone Unico Patrimoniale.docx,.docx,16242,52baf0fdd3a7,converted,5474,,
Memorie passate + template/CUP_ARTICOLI MERCIARI/ARTICOLI MERCIARI/Cosa succede con  l_affrancazione dal pagamento di un passo carrabile.docx,.docx,18471,ff04ad701f13,converted,2596,,
Memorie passate + template/CUP_ARTICOLI MERCIARI/ARTICOLI MERCIARI/DELIBERA ADEUAMENTO ISTAT TARIFFE CUP.docx,.docx,21153,41dee20f251f,converted,9189,,
Memorie passate + template/CUP_ARTICOLI MERCIARI/ARTICOLI MERCIARI/DICATIO AD PATRIAM.docx,.docx,19893,1d3868853887,converted,11937,,
Memorie passate + template/CUP_ARTICOLI MERCIARI/ARTICOLI MERCIARI/DIFFIDA RIMOZIONE IMPIANTO PUBBLICITARIO ABUSIVO.doc,.doc,42496,50730ae248cb,converted,7055,,
Memorie passate + template/CUP_ARTICOLI MERCIARI/ARTICOLI MERCIARI/DIVIETO DI DISPORRE ESENZIONI NON DEFINITE NEL REGOLAMENTO COMUNALE.docx,.docx,15740,d6ef736d57bf,converted,5427,,
Memorie passate + template/CUP_ARTICOLI MERCIARI/ARTICOLI MERCIARI/Esente CUP la pubblicità realizzata dalle ASD .docx,.docx,17465,9383c914f422,converted,6462,,
Memorie passate + template/CUP_ARTICOLI MERCIARI/ARTICOLI MERCIARI/Esposizioni pubblicitarie  su strade statali.docx,.docx,18852,4d65ee79e5f6,converted,6453,,
Memorie passate + template/CUP_ARTICOLI MERCIARI/ARTICOLI MERCIARI/Gli impianti pubblicitari su strada provinciale pagano due volte il CUP.docx,.docx,17539,00f98750a733,converted,8162,,
Memorie passate + template/CUP_ARTICOLI MERCIARI/ARTICOLI MERCIARI/I DATI SULLE UTENZE DEI SERVIZI LUCE E GAS.docx,.docx,0,e3b0c44298fc,duplicate,0,Memorie passate + template/CONTENZIOSO_Maria_Rosa/TELEFONIA/AGCOM RELAZIONE ANNUALE 2024.pdf,
Memorie passate + template/CUP_ARTICOLI MERCIARI/ARTICOLI MERCIARI/I PASSI CARRABILI A RASO NELLA DISCIPLINA CUP.docx,.docx,19856,9af08692e9b3,converted,8914,,
Memorie passate + template/CUP_ARTICOLI MERCIARI/ARTICOLI MERCIARI/I dati dell_oservatorio AGCOM sulla telefonia.docx,.docx,15409,c6bca153acd2,converted,2759,,
Memorie passate + template/CUP_ARTICOLI MERCIARI/ARTICOLI MERCIARI/I servizi di rete erogati nel contesto del sistema idrico integrato.docx,.docx,17972,128355cdfa03,converted,6745,,
Memorie passate + template/CUP_ARTICOLI MERCIARI/ARTICOLI MERCIARI/IL BARICENTRO DEL CUP.docx,.docx,17117,c38b6bf65a53,converted,7164,,
Memorie passate + template/CUP_ARTICOLI MERCIARI/ARTICOLI MERCIARI/IL CANONE UNICO PATRIMONIALE COMPIE DUE ANNI.docx,.docx,18980,d146273061a7,converted,10153,,
Memorie passate + template/CUP_ARTICOLI MERCIARI/ARTICOLI MERCIARI/IL CASO DELLE INSEGNE DEGLI UFFICI POSTALI.docx,.docx,16555,ec838e84fd59,converted,5334,,
Memorie passate + template/CUP_ARTICOLI MERCIARI/ARTICOLI MERCIARI/IL CODICE DELLA STRADA E IL CANONE UNICO. DISCIPLINE PARALLELE MAI ALTERNATIVE.docx,.docx,31481,6711eff10a45,converted,36795,,
Memorie passate + template/CUP_ARTICOLI MERCIARI/ARTICOLI MERCIARI/IL COMMA 583 LEGGE FINANZIARIA 2026.docx,.docx,17218,48f2de317e5f,converted,5344,,
Memorie passate + template/CUP_ARTICOLI MERCIARI/ARTICOLI MERCIARI/IL CONTROLLO SUI PAGAMENTI CUP DEI SERVIZI DI RETE.docx,.docx,23707,e344d3916d99,converted,16200,,
Memorie passate + template/CUP_ARTICOLI MERCIARI/ARTICOLI MERCIARI/IL CUP CHE VORREI.docx,.docx,37231,a9e44a43b1d8,converted,84612,,
Memorie passate + template/CUP_ARTICOLI MERCIARI/ARTICOLI MERCIARI/IL CUP PER LE AZIENDE DI PRODUZIONE ENERGIA ELETTRICA.docx,.docx,15734,fc2d923e1a20,converted,5587,,
Memorie passate + template/CUP_ARTICOLI MERCIARI/ARTICOLI MERCIARI/IL FERMO AMMINISTRATIVO.docx,.docx,13248,4fbfaa42939f,converted,2126,,
Memorie passate + template/CUP_ARTICOLI MERCIARI/ARTICOLI MERCIARI/IL RAVVEDIMENTO OPEROSO NEL CUP.docx,.docx,16827,baf0adf6bb53,converted,8652,,
Memorie passate + template/CUP_ARTICOLI MERCIARI/ARTICOLI MERCIARI/IL SILENZIO ASSENSO NEL RILASCIO DI CONCESSIONI E AUTORIZZAZIONI SOGGETTE A CUP.docx,.docx,24304,a6153bcf06a3,converted,10838,,
Memorie passate + template/CUP_ARTICOLI MERCIARI/ARTICOLI MERCIARI/Il CUP per il servizio idrico è dovuto anche dalla società in house del Comune.docx,.docx,19232,320a37e1f39f,converted,8265,,
Memorie passate + template/CUP_ARTICOLI MERCIARI/ARTICOLI MERCIARI/Il CUP per il servizio idrico si paga per due distinte reti acqua potabile e fognatura.docx,.docx,16959,d2f3622342eb,converted,5078,,
Memorie passate + template/CUP_ARTICOLI MERCIARI/ARTICOLI MERCIARI/Il Canone per i servizi di rete alla scadenza - Copia.docx,.docx,17047,13d30b524fa0,converted,3665,,
Memorie passate + template/CUP_ARTICOLI MERCIARI/ARTICOLI MERCIARI/Il Canone per i servizi di rete alla scadenza.docx,.docx,17047,13d30b524fa0,duplicate,0,Memorie passate + template/CUP_ARTICOLI MERCIARI/ARTICOLI MERCIARI/Il Canone per i servizi di rete alla scadenza - Copia.docx,
Memorie passate + template/CUP_ARTICOLI MERCIARI/ARTICOLI MERCIARI/Il Canone per i servizi di rete telefonica nel caos.docx,.docx,17777,9707b0dfbe24,converted,3216,,
Memorie passate + template/CUP_ARTICOLI MERCIARI/ARTICOLI MERCIARI/Il Canone sulle occupazioni realizzate dalle compagnie telefoniche finalmente ad un bivio.docx,.docx,36140,68443769c83a,converted,11264,,
Memorie passate + template/CUP_ARTICOLI MERCIARI/ARTICOLI MERCIARI/Il Consiglio di Stato condanna il Comune a pagare i danni per il ritardo nel rilascio dell’autorizzazione pubblicitaria.docx,.docx,16109,94edffc4c4d4,converted,5419,,
Memorie passate + template/CUP_ARTICOLI MERCIARI/ARTICOLI MERCIARI/Il Consiglio di Stato esclude il silenzio assenso nelle concessioni per l’occupazione del suolo pubblico.docx,.docx,17296,6fa6eab11751,converted,6888,,
"Memorie passate + template/CUP_ARTICOLI MERCIARI/ARTICOLI MERCIARI/Il Piano Generale degli Impianti Pubblicitari tra ritardi, opportunità e contenziosi.docx",.docx,17980,7454a41637a0,converted,5674,,
Memorie passate + template/CUP_ARTICOLI MERCIARI/ARTICOLI MERCIARI/Il Piano della Massima Occupabilità (PMO) Un’opportunità da cogliere per i Comuni.docx,.docx,18458,b60aaa0a4a3f,converted,9741,,
Memorie passate + template/CUP_ARTICOLI MERCIARI/ARTICOLI MERCIARI/Il Pubblico Ufficiale nel Canone Unico.docx,.docx,22015,8eb3e0c10efa,converted,12316,,
Memorie passate + template/CUP_ARTICOLI MERCIARI/ARTICOLI MERCIARI/Il TAR del Lazio conferma le tariffe adottate dal Comune è onere del ricorrente provarne l’illegittimità.docx,.docx,22944,266cea157b76,converted,13302,,
Memorie passate + template/CUP_ARTICOLI MERCIARI/ARTICOLI MERCIARI/Il calcolo dell’indennità a seguito di verbale di accertamento. La presunzione iuris et de iure.docx,.docx,17163,5e3876bcbf6d,converted,6683,,
Memorie passate + template/CUP_ARTICOLI MERCIARI/ARTICOLI MERCIARI/Il canone mercatale non si applica a fiere e sagre.docx,.docx,13904,2eed6bbadde9,converted,407,,
Memorie passate + template/CUP_ARTICOLI MERCIARI/ARTICOLI MERCIARI/Il canone per i servizi di rete in autoliquidazione. Pagamento in unica soluzione attraverso la piattaforma PagoPA.docx,.docx,20253,81e35005e7d2,converted,6941,,
Memorie passate + template/CUP_ARTICOLI MERCIARI/ARTICOLI MERCIARI/Il caso della pubblicità esposta sui Camion Vela.docx,.docx,17569,b992f031e700,converted,8441,,
Memorie passate + template/CUP_ARTICOLI MERCIARI/ARTICOLI MERCIARI/Il comma 666 della Legge Finanziaria 2025 - proroga esenzione sisma.docx,.docx,16353,91bd5d5629aa,converted,4588,,
Memorie passate + template/CUP_ARTICOLI MERCIARI/ARTICOLI MERCIARI/Il corretto calcolo del CUP per i camion vela accertati in sosta prolungata.docx,.docx,18498,f26cdcd71233,converted,8879,,
Memorie passate + template/CUP_ARTICOLI MERCIARI/ARTICOLI MERCIARI/Il diniego all’autorizzazione per l’installazione di mezzi pubblicitari è illegittimo senza Piano Generale delle Entrate.docx,.docx,17932,99174486919c,converted,6602,,
Memorie passate + template/CUP_ARTICOLI MERCIARI/ARTICOLI MERCIARI/Il gestore del servizio idrico deve versare il CUP ai Comuni e alle Province.docx,.docx,22030,4cf6c726c71b,converted,15967,,
Memorie passate + template/CUP_ARTICOLI MERCIARI/ARTICOLI MERCIARI/Il pignoramento dei crediti verso terzi.docx,.docx,21713,8fc53b1010f4,converted,12700,,
Memorie passate + template/CUP_ARTICOLI MERCIARI/ARTICOLI MERCIARI/Il pignoramento di fitti e pigioni.docx,.docx,18576,9842e21b883d,converted,7687,,
Memorie passate + template/CUP_ARTICOLI MERCIARI/ARTICOLI MERCIARI/Il primo Luglio 2024 TIM ha venduto la rete telefonica. Ecco cosa cambia nel pagamento del Canone Unico.docx,.docx,18935,0e0886015b00,converted,6994,,
Memorie passate + template/CUP_ARTICOLI MERCIARI/ARTICOLI MERCIARI/Il punto G del Canone Unico.docx,.docx,16401,8dff00596e85,converted,5420,,
Memorie passate + template/CUP_ARTICOLI MERCIARI/ARTICOLI MERCIARI/Il tema dell’invarianza di gettito CUP – le risposte del Dipartimento del MEF a Telefisco.docx,.docx,24302,81f122d287e1,converted,14441,,
Memorie passate + template/CUP_ARTICOLI MERCIARI/ARTICOLI MERCIARI/Il versamento del CUP contestuale al rilascio dell’atto amministrativo.docx,.docx,16678,fa4d2420bfd1,converted,4478,,
Memorie passate + template/CUP_ARTICOLI MERCIARI/ARTICOLI MERCIARI/In scadenza il canone per i servizi di rete e il canone per antenne e ripetitori.docx,.docx,19290,57e00f004e62,converted,7479,,
Memorie passate + template/CUP_ARTICOLI MERCIARI/ARTICOLI MERCIARI/Integrazione risposta al quesito.docx,.docx,2140678,40a63ceb3378,converted,2058,,
Memorie passate + template/CUP_ARTICOLI MERCIARI/ARTICOLI MERCIARI/LA BOZZA DI  DECRETO DELEGA FISCALE E LE MODIFICHE ALLA DISCIPLINA CUP.docx,.docx,30119,8bf58e7c7061,converted,37272,,
Memorie passate + template/CUP_ARTICOLI MERCIARI/ARTICOLI MERCIARI/LA BOZZA DI DECRETO PORTA MODIFICHE ANCHE ALLA DISCIPLINA CUP PARTE PRIMA.docx,.docx,17151,267f4bf03687,converted,8613,,
Memorie passate + template/CUP_ARTICOLI MERCIARI/ARTICOLI MERCIARI/LA BOZZA DI DECRETO PORTA MODIFICHE ANCHE ALLA DISCIPLINA CUP PARTE QUARTA.docx,.docx,19495,6ae2568755c3,converted,11376,,
Memorie passate + template/CUP_ARTICOLI MERCIARI/ARTICOLI MERCIARI/LA BOZZA DI DECRETO PORTA MODIFICHE ANCHE ALLA DISCIPLINA CUP PARTE QUINTA.docx,.docx,19611,a74f882e83c4,converted,9555,,
Memorie passate + template/CUP_ARTICOLI MERCIARI/ARTICOLI MERCIARI/LA BOZZA DI DECRETO PORTA MODIFICHE ANCHE ALLA DISCIPLINA CUP PARTE SECONDA.docx,.docx,18267,2a2386c96a2b,converted,9731,,
Memorie passate + template/CUP_ARTICOLI MERCIARI/ARTICOLI MERCIARI/LA BOZZA DI DECRETO PORTA MODIFICHE ANCHE ALLA DISCIPLINA CUP PARTE SESTA.docx,.docx,19775,df645537eadf,converted,10741,,
Memorie passate + template/CUP_ARTICOLI MERCIARI/ARTICOLI MERCIARI/LA BOZZA DI DECRETO PORTA MODIFICHE ANCHE ALLA DISCIPLINA CUP PARTE SETTIMA.docx,.docx,26266,7854388cc839,converted,22721,,
Memorie passate + template/CUP_ARTICOLI MERCIARI/ARTICOLI MERCIARI/LA BOZZA DI DECRETO PORTA MODIFICHE ANCHE ALLA DISCIPLINA CUP PARTE TERZA.docx,.docx,17421,a0e724bbc231,converted,9382,,
Memorie passate + template/CUP_ARTICOLI MERCIARI/ARTICOLI MERCIARI/LA PRESCRIZIONE DEL CANONE UNICO.docx,.docx,196998,eca7f3119a0b,converted,6003,,
Memorie passate + template/CUP_ARTICOLI MERCIARI/ARTICOLI MERCIARI/LA PUBBLICITA_ REALIZZATA SUI TAXI.docx,.docx,15590,8ae74d934f8a,converted,5185,,
Memorie passate + template/CUP_ARTICOLI MERCIARI/ARTICOLI MERCIARI/LA QUALIFICA DI PUBBLICO UFFICIALE DELL_ACCERTATORE DELLE ENTRATE.docx,.docx,16328,cbbed58aa7e4,converted,6338,,
Memorie passate + template/CUP_ARTICOLI MERCIARI/ARTICOLI MERCIARI/LA ZONIZZAZIONE DEL TERRITORIO.docx,.docx,19201,d3b4b7584e93,converted,11080,,
Memorie passate + template/CUP_ARTICOLI MERCIARI/ARTICOLI MERCIARI/LE SANZIONI DEL CUP.docx,.docx,0,e3b0c44298fc,duplicate,0,Memorie passate + template/CONTENZIOSO_Maria_Rosa/TELEFONIA/AGCOM RELAZIONE ANNUALE 2024.pdf,
Memorie passate + template/CUP_ARTICOLI MERCIARI/ARTICOLI MERCIARI/L_autorizzazione di passo carrabile non è un optional.docx,.docx,21296,75d48c3e5e2f,converted,9574,,
Memorie passate + template/CUP_ARTICOLI MERCIARI/ARTICOLI MERCIARI/L_indennità CUP va calcolata solo sulla superficie eccedente quella autorizzata.docx,.docx,16987,dac805934b80,converted,5957,,
Memorie passate + template/CUP_ARTICOLI MERCIARI/ARTICOLI MERCIARI/La Cassazione condanna società Autostrade per abuso del processo.docx,.docx,14476,33b1bf3bb378,converted,3603,,
Memorie passate + template/CUP_ARTICOLI MERCIARI/ARTICOLI MERCIARI/La Cassazione consolida l_orientamento sull_applicazione CUP ai viadotti autostradali.docx,.docx,20805,57062cbf237d,converted,12240,,
Memorie passate + template/CUP_ARTICOLI MERCIARI/ARTICOLI MERCIARI/La Corte d’Appello di Venezia torna sul pagamento CUP a carico del gestore del servizio idrico.docx,.docx,20643,aceda15440d1,converted,12822,,
Memorie passate + template/CUP_ARTICOLI MERCIARI/ARTICOLI MERCIARI/La comunicazione elettronica non rientra nelle attribuzioni del Comune. Niente CUP su patrimonio disponibile.docx,.docx,17476,aa51b2b12084,converted,6628,,
Memorie passate + template/CUP_ARTICOLI MERCIARI/ARTICOLI MERCIARI/La dicatio ad patriam quale presupposto per applicare il CUP.docx,.docx,17167,2f33433d5a30,converted,6415,,
Memorie passate + template/CUP_ARTICOLI MERCIARI/ARTICOLI MERCIARI/La giusta tariffa CUP per le esposizioni pubblicitarie temporanee.docx,.docx,19098,90c453f28c88,converted,11103,,
"Memorie passate + template/CUP_ARTICOLI MERCIARI/ARTICOLI MERCIARI/La giusta tariffa della componente pubblicitaria. Annuale, mensile o giornaliera.docx",.docx,16020,7dd7e120b99e,converted,4585,,
Memorie passate + template/CUP_ARTICOLI MERCIARI/ARTICOLI MERCIARI/La procedura prevista dalla Legge 94.docx,.docx,0,e3b0c44298fc,duplicate,0,Memorie passate + template/CONTENZIOSO_Maria_Rosa/TELEFONIA/AGCOM RELAZIONE ANNUALE 2024.pdf,
Memorie passate + template/CUP_ARTICOLI MERCIARI/ARTICOLI MERCIARI/La pubblicità in area aeroportuale  i cartelli segnaposto degli autonoleggi.docx,.docx,16165,4a94cb315869,converted,5405,,
Memorie passate + template/CUP_ARTICOLI MERCIARI/ARTICOLI MERCIARI/La pubblicità negli autogrill autostradali paga il CUP al Comune .docx,.docx,17374,4dea50575ed7,converted,6466,,
Memorie passate + template/CUP_ARTICOLI MERCIARI/ARTICOLI MERCIARI/La rete fognaria deve pagare il CUP.docx,.docx,14189,85a702ef4d54,duplicate,0,Memorie passate + template/CONTENZIOSO_Maria_Rosa/IDRICO/commento a sentenza Cass 2180 del 30.01.2020 - Servizio idrico integrato - acqua -fogne - due occupazioni sottosuolo pubblico.docx,
Memorie passate + template/CUP_ARTICOLI MERCIARI/ARTICOLI MERCIARI/La riduzione per le occupazioni ricorrenti si applica solo ai mercati settimanali.docx,.docx,15566,64b83040e1f8,converted,5338,,
Memorie passate + template/CUP_ARTICOLI MERCIARI/ARTICOLI MERCIARI/La rivalutazione ISTAT della tariffa forfettaria a Euro 800.docx,.docx,15077,41e6cebd130d,converted,2063,,
Memorie passate + template/CUP_ARTICOLI MERCIARI/ARTICOLI MERCIARI/La tariffa del Canone Mercatale e la sua componente TARI.docx,.docx,18026,7a231a9177bb,converted,8518,,
Memorie passate + template/CUP_ARTICOLI MERCIARI/ARTICOLI MERCIARI/Le conseguenza di una vigilanza sul territorio non basata su verbale redatto da pubblico ufficiale.docx,.docx,15042,464ac9d74cf5,converted,3956,,
Memorie passate + template/CUP_ARTICOLI MERCIARI/ARTICOLI MERCIARI/Le fasi per attuare la procedura di chiusura attività per occupazioni abusive.docx,.docx,17575,90e244632cfe,converted,5168,,
Memorie passate + template/CUP_ARTICOLI MERCIARI/ARTICOLI MERCIARI/Le manomissioni stradali del servizio idrico devono pagare CUP.docx,.docx,17570,c603f059293a,converted,6189,,
Memorie passate + template/CUP_ARTICOLI MERCIARI/ARTICOLI MERCIARI/Le novità contenute nella Legge Finanziaria 2025 in materia di CUP.docx,.docx,20258,e0c0f14b1915,converted,13379,,
Memorie passate + template/CUP_ARTICOLI MERCIARI/ARTICOLI MERCIARI/Le tariffe del Canone Unico Patrimoniale e del Canone Mercatale per l’anno 2023.docx,.docx,20807,17eb308d21e6,converted,10166,,
Memorie passate + template/CUP_ARTICOLI MERCIARI/ARTICOLI MERCIARI/Legge Finanziaria 2025 – analisi delle modifiche alla disciplina CUP.docx,.docx,21446,edd2b3d1c560,converted,13738,,
Memorie passate + template/CUP_ARTICOLI MERCIARI/ARTICOLI MERCIARI/Legittimo non prevedere delle esenzioni CUP in ambito locale.docx,.docx,17409,5314be2cab61,converted,6229,,
"Memorie passate + template/CUP_ARTICOLI MERCIARI/ARTICOLI MERCIARI/L’adeguamento ISTAT delle tariffe CUP 2026 viene fissato nella misura del  1,1_.docx",.docx,16986,1980f6b9ca14,converted,4589,,
Memorie passate + template/CUP_ARTICOLI MERCIARI/ARTICOLI MERCIARI/L’aggiornamento ISTAT della tariffa del Canone Antenne.docx,.docx,16473,a2f3ae55e618,converted,3958,,
Memorie passate + template/CUP_ARTICOLI MERCIARI/ARTICOLI MERCIARI/L’avviso di scadenza 2024.docx,.docx,15548,9cc5559c215c,converted,4222,,
Memorie passate + template/CUP_ARTICOLI MERCIARI/ARTICOLI MERCIARI/L’estensione lineare frontale dei dehor non deve essere superiore a quella detenuta dall’esercizio pubblico.docx,.docx,14714,43c42d3ef4d9,converted,2025,,
Memorie passate + template/CUP_ARTICOLI MERCIARI/ARTICOLI MERCIARI/L’istituto del silenzio assenso “orizzontale” per il rilascio dell’autorizzazione paesaggistica.docx,.docx,19171,86dd4b24077d,converted,7523,,
Memorie passate + template/CUP_ARTICOLI MERCIARI/ARTICOLI MERCIARI/L’uso diffuso della SCIA per l’installazione dei mezzi pubblicitari.docx,.docx,18203,bcce722360e5,converted,9663,,
Memorie passate + template/CUP_ARTICOLI MERCIARI/ARTICOLI MERCIARI/MASTER SOLE 24 CRISTINA_ 2024 rev Alessandro.docx,.docx,23707,75d0ef1bf8d0,converted,7008,,
Memorie passate + template/CUP_ARTICOLI MERCIARI/ARTICOLI MERCIARI/MONOGRAFIA L’attività di accertamento per le diffusioni pubblicitarie e per le occupazioni di suolo pubblico MERCIARI ALESSANDRO.docx,.docx,228785,912510bbee68,converted,450691,,
Memorie passate + template/CUP_ARTICOLI MERCIARI/ARTICOLI MERCIARI/MONOGRAFIA L’attività di accertamento per le diffusioni pubblicitarie e per le occupazioni di suolo pubblico.docx,.docx,175108,a9b3135a3643,converted,343563,,
Memorie passate + template/CUP_ARTICOLI MERCIARI/ARTICOLI MERCIARI/Modello 1 verbale di accertamento o contestazione definito in sede di rilevazione.docx,.docx,16157,1023b891596d,converted,1484,,
Memorie passate + template/CUP_ARTICOLI MERCIARI/ARTICOLI MERCIARI/Modello 2 verbale di accertamento o contestazione completato in ufficio.docx,.docx,17890,6028ab34d138,converted,1502,,
Memorie passate + template/CUP_ARTICOLI MERCIARI/ARTICOLI MERCIARI/Monografia Le questioni ancora irrisolte della disciplina CUP e la mancata riorganizzazione delle procedure gestionali.docx,.docx,15398,c2faf3cda677,converted,483,,
Memorie passate + template/CUP_ARTICOLI MERCIARI/ARTICOLI MERCIARI/Nessuno vuole pagare il CUP per i servizi di telecomunicazione.docx,.docx,17182,f15067101597,converted,4826,,
Memorie passate + template/CUP_ARTICOLI MERCIARI/ARTICOLI MERCIARI/Non è possibile chiedere il pagamento del canone per occupazioni o esposizioni senza un titolo amministrativo valido.docx,.docx,17161,a3480d4e2b85,converted,5499,,
Memorie passate + template/CUP_ARTICOLI MERCIARI/ARTICOLI MERCIARI/Non sono esenti i messaggi affissi sui carrelli della spesa nei supermercati.docx,.docx,16634,67fd57cafa5b,converted,5496,,
Memorie passate + template/CUP_ARTICOLI MERCIARI/ARTICOLI MERCIARI/Nuovo Documento di Microsoft Word.docx,.docx,0,e3b0c44298fc,duplicate,0,Memorie passate + template/CONTENZIOSO_Maria_Rosa/TELEFONIA/AGCOM RELAZIONE ANNUALE 2024.pdf,
Memorie passate + template/CUP_ARTICOLI MERCIARI/ARTICOLI MERCIARI/Occupazioni temporanee con scavi per la manutenzione e la posa delle reti.docx,.docx,15815,2c0dc01bed06,converted,5135,,
Memorie passate + template/CUP_ARTICOLI MERCIARI/ARTICOLI MERCIARI/PARERE CONSIGLIO DI STATO SUL CORRETTO CANONE DA APPLICARE ALLE ANTENNE.docx,.docx,19372,fa373ebd89df,converted,10027,,
Memorie passate + template/CUP_ARTICOLI MERCIARI/ARTICOLI MERCIARI/PRESENTAZIONE MONOGRAFIA L’attività di accertamento per le diffusioni pubblicitarie e per le occupazioni di suolo pubblico.docx,.docx,14330,d342437c545e,converted,1335,,
Memorie passate + template/CUP_ARTICOLI MERCIARI/ARTICOLI MERCIARI/PROCEDURA PER RIMOZIONE IMPIANTO PUBBLICITARIO ABUSIVO.docx,.docx,28903,2a2ac6cd7286,converted,18628,,
Memorie passate + template/CUP_ARTICOLI MERCIARI/ARTICOLI MERCIARI/Per il Dipartimento del MEF il gettito CUP sarebbe immodificabile - NT+.docx,.docx,22399,933adf5b359d,converted,11276,,
Memorie passate + template/CUP_ARTICOLI MERCIARI/ARTICOLI MERCIARI/Per il TAR il canone mercatale non si applica a fiere e sagre.docx,.docx,17927,d118c8801b23,converted,6852,,
Memorie passate + template/CUP_ARTICOLI MERCIARI/ARTICOLI MERCIARI/Perché il Legislatore ha mantenuto nel comma 831 della Legge 1602019 l’ipotesi di soggettività passiva in via mediata per i servizi di rete.docx,.docx,19722,35fceef428da,converted,9467,,
Memorie passate + template/CUP_ARTICOLI MERCIARI/ARTICOLI MERCIARI/Presunte semplificazioni in materia di canone patrimoniale di concessione.docx,.docx,18963,b4f52bf56c05,converted,8600,,
Memorie passate + template/CUP_ARTICOLI MERCIARI/ARTICOLI MERCIARI/Q31 Canone mercatale - Rimborsi e correzione del regolamento.docx,.docx,166303,c36c623da5e7,converted,12420,,
Memorie passate + template/CUP_ARTICOLI MERCIARI/ARTICOLI MERCIARI/QUESITO COMMA 583 LEGGE FINANZIARIA 2026.docx,.docx,18580,ced5e6e63304,converted,7922,,
Memorie passate + template/CUP_ARTICOLI MERCIARI/ARTICOLI MERCIARI/QUESITO CRISTINA ACQUEDOTTO PUGLIESE 2.docx,.docx,16699,11de8b1cd339,converted,5090,,
Memorie passate + template/CUP_ARTICOLI MERCIARI/ARTICOLI MERCIARI/QUESITO OCCUPAZIONE DITTA CHE ESEGUE LAVORI A PALAZZO MUNICIPALE.docx,.docx,16509,24b826df5636,converted,5616,,
Memorie passate + template/CUP_ARTICOLI MERCIARI/ARTICOLI MERCIARI/QUESITO PIATTAFORMA 10 LUGLIO 2024.docx,.docx,17980,e2a58bd7ec28,converted,7161,,
Memorie passate + template/CUP_ARTICOLI MERCIARI/ARTICOLI MERCIARI/QUESITO PIATTAFORMA SERVIZIO IDRICO.docx,.docx,18337,eaf01b5a403a,converted,7910,,
Memorie passate + template/CUP_ARTICOLI MERCIARI/ARTICOLI MERCIARI/QUESITO PIATTAFORMA SMART24.docx,.docx,15686,5a89414377dc,converted,2619,,
Memorie passate + template/CUP_ARTICOLI MERCIARI/ARTICOLI MERCIARI/QUESITO SMART24 RISTORO RIMBORSI SISMA.docx,.docx,15061,6bf7b9c3aa90,converted,3054,,
Memorie passate + template/CUP_ARTICOLI MERCIARI/ARTICOLI MERCIARI/Quesito sulla scadenza delle autorizzazioni per i  passi carrabili.docx,.docx,16352,8f0d64696a3c,converted,3365,,
Memorie passate + template/CUP_ARTICOLI MERCIARI/ARTICOLI MERCIARI/RFI non è esente dal pagamento del CUP.docx,.docx,19889,c2f0fb5ab746,converted,10929,,
Memorie passate + template/CUP_ARTICOLI MERCIARI/ARTICOLI MERCIARI/RIGETTO MEDIAZIONE ZELIG VIAGGI.docx,.docx,15519,b6605beb6928,converted,4188,,
Memorie passate + template/CUP_ARTICOLI MERCIARI/ARTICOLI MERCIARI/RISPOSTA PER CRISTINA.docx,.docx,16335,c90bb93ffdad,converted,6524,,
Memorie passate + template/CUP_ARTICOLI MERCIARI/ARTICOLI MERCIARI/Risposta al quesito STEP.docx,.docx,19248,77114c353f1e,converted,7115,,
Memorie passate + template/CUP_ARTICOLI MERCIARI/ARTICOLI MERCIARI/Rivalutazione istat anche per la tariffa a forfait.docx,.docx,14805,c361b2433e0b,converted,3670,,
Memorie passate + template/CUP_ARTICOLI MERCIARI/ARTICOLI MERCIARI/SENTENZA N.8846 DEL 10.10.23 CONSIGLIO DI STATO.docx,.docx,19780,193edf91969a,converted,10952,,
Memorie passate + template/CUP_ARTICOLI MERCIARI/ARTICOLI MERCIARI/SENTENZA TAR PER LA LOMBARDIA IN MATERIA DI CANONE UNICO - PARTE 1.docx,.docx,17573,1624088541ff,converted,9101,,
Memorie passate + template/CUP_ARTICOLI MERCIARI/ARTICOLI MERCIARI/SENTENZA TAR PER LA LOMBARDIA IN MATERIA DI CANONE UNICO - PARTE 2.docx,.docx,18166,c3373932fc2b,converted,9355,,
Memorie passate + template/CUP_ARTICOLI MERCIARI/ARTICOLI MERCIARI/SOGGETTIVITA_ PASSIVA MEDIATA.docx,.docx,19681,b43af2472b91,converted,9533,,
Memorie passate + template/CUP_ARTICOLI MERCIARI/ARTICOLI MERCIARI/Saranno le Sezioni Unite della Cassazione a dire se il presupposto pubblicitario del CUP ha natura tributaria.docx,.docx,20746,553c261a1376,converted,10013,,
Memorie passate + template/CUP_ARTICOLI MERCIARI/ARTICOLI MERCIARI/Stop agli inviti di pagamento per le occupazioni e i mezzi pubblicitari non in regola.docx,.docx,16514,64627962fa3a,converted,4454,,
Memorie passate + template/CUP_ARTICOLI MERCIARI/ARTICOLI MERCIARI/Sul canone per i servizi di rete è urgente un intervento del Ministero delle Finanze.docx,.docx,20783,c4023466f1ce,converted,9569,,
Memorie passate + template/CUP_ARTICOLI MERCIARI/ARTICOLI MERCIARI/TAR NAPOLI CONCESSIONI.docx,.docx,38753,4004e35ede23,converted,46174,,
Memorie passate + template/CUP_ARTICOLI MERCIARI/ARTICOLI MERCIARI/Telecomunicazioni e infrastrutture nell’era dell’interconnessione. La controversia tra canone fisso e canone libero.docx,.docx,18657,11cbcf888948,converted,12553,,
Memorie passate + template/CUP_ARTICOLI MERCIARI/ARTICOLI MERCIARI/UNA NUOVA SENTENZA SULLA SOGGETTIVITA_ PASSIVA IN VIA MEDIATA.docx,.docx,15082,4eb7cf8f5aba,converted,4699,,
Memorie passate + template/CUP_ARTICOLI MERCIARI/ARTICOLI MERCIARI/Ulteriori esenzioni CUP subordinate alle coperture di bilancio.docx,.docx,14091,1e7b915492b2,converted,408,,
Memorie passate + template/CUP_ARTICOLI MERCIARI/ARTICOLI MERCIARI/Uno strumento per valorizzare e governare il proprio territorio.docx,.docx,19020,2dbc89675c4d,converted,8413,,
Memorie passate + template/CUP_ARTICOLI MERCIARI/ARTICOLI MERCIARI/VIADOTTI AUTOSTRADALI PAGANO IL CANONE UNICO.docx,.docx,14176,c8066aec9a8a,converted,2158,,
Memorie passate + template/CUP_ARTICOLI MERCIARI/ARTICOLI MERCIARI/a chi applicare l_esenzione per le insegne esposte presso i cantieri.docx,.docx,17654,d7ccbef6014a,converted,5800,,
Memorie passate + template/CUP_ARTICOLI MERCIARI/ARTICOLI MERCIARI/adeguamento ISTAT delle tariffe per antenne e servizi di rete.docx,.docx,16918,8cac2e734ffc,converted,4670,,
Memorie passate + template/CUP_ARTICOLI MERCIARI/ARTICOLI MERCIARI/adeguamento istat tariffa CUP società di erogazione servizi di rete.docx,.docx,14373,61891ebd09ab,converted,2265,,
Memorie passate + template/CUP_ARTICOLI MERCIARI/ARTICOLI MERCIARI/alcuni aspetti di interesse da valutare durante il prossimo periodo elettorale.docx,.docx,19805,ddee6d090d07,converted,11461,,
Memorie passate + template/CUP_ARTICOLI MERCIARI/ARTICOLI MERCIARI/ancora una sentenza sulla corretta tariffa CUP per le antenne di telefonia.docx,.docx,17626,43ba12d623fa,converted,8720,,
Memorie passate + template/CUP_ARTICOLI MERCIARI/ARTICOLI MERCIARI/arrotondamento superfici imponibili CUP.docx,.docx,15533,7e8db753a4aa,converted,5188,,
Memorie passate + template/CUP_ARTICOLI MERCIARI/ARTICOLI MERCIARI/articolo propaganda elettorale.docx,.docx,15873,06b7ea5eafa8,converted,3466,,
Memorie passate + template/CUP_ARTICOLI MERCIARI/ARTICOLI MERCIARI/articolo su abusivismo.docx,.docx,22649,150d794a8e5c,converted,10961,,
Memorie passate + template/CUP_ARTICOLI MERCIARI/ARTICOLI MERCIARI/articolo sul presupposto suolo pubblico.docx,.docx,13835,f0596dbe3293,converted,3746,,
Memorie passate + template/CUP_ARTICOLI MERCIARI/ARTICOLI MERCIARI/c_è ancora molto da fare sulla gestione del CUP.docx,.docx,16531,bfbe0fcb567b,converted,5491,,
Memorie passate + template/CUP_ARTICOLI MERCIARI/ARTICOLI MERCIARI/calcolo antenne.docx,.docx,14443,4a80443f7f9f,converted,3867,,
Memorie passate + template/CUP_ARTICOLI MERCIARI/ARTICOLI MERCIARI/cambia la procedura di autorizzazione per i mezzi pubblicitari.docx,.docx,20278,7ed1dfa59b5e,converted,8795,,
Memorie passate + template/CUP_ARTICOLI MERCIARI/ARTICOLI MERCIARI/canoni relativi a prestazioni di servizi. il canone di polizia idraulica.docx,.docx,15603,76ee6c72564a,converted,2739,,
Memorie passate + template/CUP_ARTICOLI MERCIARI/ARTICOLI MERCIARI/chi deve versare il canone per l’installazione di antenne e ripetitori.docx,.docx,17238,804d6ae0bb9a,converted,6288,,
Memorie passate + template/CUP_ARTICOLI MERCIARI/ARTICOLI MERCIARI/chi pagherà il CUP per le 20 milioni di utenze del servizio di telecomunicazione.docx,.docx,17556,d91628e614b6,converted,5638,,
Memorie passate + template/CUP_ARTICOLI MERCIARI/ARTICOLI MERCIARI/come calcolare l’adeguamento ISTAT delle tariffe CUP.docx,.docx,18005,e9d4f38c8cc2,converted,3880,,
Memorie passate + template/CUP_ARTICOLI MERCIARI/ARTICOLI MERCIARI/come cambia il CUP per il servizio di telefonia.docx,.docx,18792,a3058f2221dc,converted,7406,,
Memorie passate + template/CUP_ARTICOLI MERCIARI/ARTICOLI MERCIARI/come costruire la giusta tariffa CUP - Il caso dei Passi Carrabili.docx,.docx,23340,2f5f4ad9a0e1,converted,14852,,
Memorie passate + template/CUP_ARTICOLI MERCIARI/ARTICOLI MERCIARI/come costruire la giusta tariffa CUP - Il caso delle Pubbliche Affissioni.docx,.docx,19033,c25ca9a2d84f,converted,10168,,
Memorie passate + template/CUP_ARTICOLI MERCIARI/ARTICOLI MERCIARI/come costruire la giusta tariffa CUP.docx,.docx,16766,5f792754b3b5,converted,7650,,
Memorie passate + template/CUP_ARTICOLI MERCIARI/ARTICOLI MERCIARI/come riconoscere un_insegna d_esercizio.docx,.docx,18198,9e44c87f9f19,converted,9507,,
Memorie passate + template/CUP_ARTICOLI MERCIARI/ARTICOLI MERCIARI/condutture idriche per terreni agricoli.docx,.docx,15167,f395c9ee03d2,converted,5305,,
Memorie passate + template/CUP_ARTICOLI MERCIARI/ARTICOLI MERCIARI/corretto applicare il CUP alle occupazioni su aree private ad uso pubblico.docx,.docx,14722,d5350c6c0215,converted,4307,,
Memorie passate + template/CUP_ARTICOLI MERCIARI/ARTICOLI MERCIARI/cos_è la soggettività passiva in via mediata e quando si applica.docx,.docx,20533,700fd75a102c,converted,9516,,
Memorie passate + template/CUP_ARTICOLI MERCIARI/ARTICOLI MERCIARI/descrizione Alessandro Merciari.docx,.docx,12406,88b582090f07,converted,284,,
Memorie passate + template/CUP_ARTICOLI MERCIARI/ARTICOLI MERCIARI/diverso effetto della dichiarazione.docx,.docx,13089,287646506de8,converted,1452,,
Memorie passate + template/CUP_ARTICOLI MERCIARI/ARTICOLI MERCIARI/effetti notifica.docx,.docx,13619,cad94cfaec23,converted,1873,,
Memorie passate + template/CUP_ARTICOLI MERCIARI/ARTICOLI MERCIARI/esenzione CUP sisma 2016.docx,.docx,16892,527e1282aee8,converted,4091,,
Memorie passate + template/CUP_ARTICOLI MERCIARI/ARTICOLI MERCIARI/è corretto l’uso di coefficienti moltiplicatori nelle tariffe CUP.docx,.docx,16413,c779813bbbcf,converted,5643,,
Memorie passate + template/CUP_ARTICOLI MERCIARI/ARTICOLI MERCIARI/gli scavi per la maniutenziione delle reti pagano CUP.docx,.docx,18015,583070329f38,converted,6934,,
Memorie passate + template/CUP_ARTICOLI MERCIARI/ARTICOLI MERCIARI/i passi carrabili a raso sono soggetti al pagamento.docx,.docx,18211,fbd62c4add69,converted,7944,,
Memorie passate + template/CUP_ARTICOLI MERCIARI/ARTICOLI MERCIARI/il CUP quale credito privilegiato nell’insinuazione al passivo ex art. 2752 C.C..docx,.docx,15861,54e5c3b479d3,converted,4941,,
Memorie passate + template/CUP_ARTICOLI MERCIARI/ARTICOLI MERCIARI/il canone ex articolo 27 del CdS dopo l_introduzione del CUP.docx,.docx,26917,980ce08f0479,converted,21181,,
Memorie passate + template/CUP_ARTICOLI MERCIARI/ARTICOLI MERCIARI/il concetto di luogo aperto al pubblico nel presupposto CUP.docx,.docx,17948,d059b4514809,converted,9399,,
Memorie passate + template/CUP_ARTICOLI MERCIARI/ARTICOLI MERCIARI/il criterio di misurazione nel canone unico.docx,.docx,19716,b0f6a1f0b2f6,converted,10527,,
Memorie passate + template/CUP_ARTICOLI MERCIARI/ARTICOLI MERCIARI/il giusto calcolo del CUP per le  antenne.docx,.docx,15520,209777348f00,converted,4986,,
Memorie passate + template/CUP_ARTICOLI MERCIARI/ARTICOLI MERCIARI/il giusto calcolo del Canone Unico per i mezzi pubblicitari. Conta la disponibilità dell’impianto e non il suo utilizzo.docx,.docx,15923,209e5fbc9b35,converted,5690,,
Memorie passate + template/CUP_ARTICOLI MERCIARI/ARTICOLI MERCIARI/il pagamento del canone per i cavalletti pubblicitari.docx,.docx,12252,542680d9f707,converted,84,,
Memorie passate + template/CUP_ARTICOLI MERCIARI/ARTICOLI MERCIARI/il pagamento una tantum per le intercapedini è estendibile ad altre fattispecie.docx,.docx,17955,142e0478ea63,converted,4559,,
Memorie passate + template/CUP_ARTICOLI MERCIARI/ARTICOLI MERCIARI/il presupposto pubblicitario CUP nel solco della giurisprudenza ICP.docx,.docx,18073,6f162ba969ed,converted,8096,,
Memorie passate + template/CUP_ARTICOLI MERCIARI/ARTICOLI MERCIARI/il presupposto pubblicitario del CUP di esclusiva competenza comunale. Sentenza n. 260 del 27 gennaio 2023 della Corte di Giustizia Tributaria di primo grado di Milano.docx,.docx,16396,808e66ed82ca,converted,6590,,
Memorie passate + template/CUP_ARTICOLI MERCIARI/ARTICOLI MERCIARI/il presupposto pubblicitario.docx,.docx,13713,bc7185c213ff,converted,2592,,
Memorie passate + template/CUP_ARTICOLI MERCIARI/ARTICOLI MERCIARI/in quali rari casi applicare l_esenzione per le insegne esposte presso i cantieri.docx,.docx,18080,5cfabf23913f,converted,6426,,
Memorie passate + template/CUP_ARTICOLI MERCIARI/ARTICOLI MERCIARI/indice monografia.docx,.docx,18698,4a0516f5cf15,converted,3735,,
Memorie passate + template/CUP_ARTICOLI MERCIARI/ARTICOLI MERCIARI/insegne d_esercizio e impianti pubblicitari. come autorizzare.docx,.docx,0,e3b0c44298fc,duplicate,0,Memorie passate + template/CONTENZIOSO_Maria_Rosa/TELEFONIA/AGCOM RELAZIONE ANNUALE 2024.pdf,
Memorie passate + template/CUP_ARTICOLI MERCIARI/ARTICOLI MERCIARI/l_applicazione del canone non ricognitorio del Codice della Strada dopo l_introduzione del CUP.docx,.docx,24948,c8e42dd8fd8e,converted,17312,,
Memorie passate + template/CUP_ARTICOLI MERCIARI/ARTICOLI MERCIARI/l_attività di accertamento per le occupazioni disciplinate nel comma 831.docx,.docx,160276,64fd88899425,converted,7102,,
Memorie passate + template/CUP_ARTICOLI MERCIARI/ARTICOLI MERCIARI/l_autonomia condizionata degli enti nel definire il proprio impianto tariffario. Vietato stabilire tariffe sproporzionate..docx,.docx,18767,f382d35340d8,converted,7496,,
Memorie passate + template/CUP_ARTICOLI MERCIARI/ARTICOLI MERCIARI/l_importanza dei luoghi di diffusione dei messaggi pubblicitari.docx,.docx,17311,031525ec5cdd,converted,5140,,
Memorie passate + template/CUP_ARTICOLI MERCIARI/ARTICOLI MERCIARI/l_occupazione di suolo pubblico per conto dell_università è soggetta al pagamento CUP.docx,.docx,17541,2a4ba5ea713c,converted,6987,,
Memorie passate + template/CUP_ARTICOLI MERCIARI/ARTICOLI MERCIARI/l_utenza telefonica collegata a mezzo FWA non deve essere conteggiata per il pagamento del CUP.docx,.docx,17657,2fcc703dcb35,converted,5761,,
Memorie passate + template/CUP_ARTICOLI MERCIARI/ARTICOLI MERCIARI/la Corte di Cassazione interviene sul termine di prescrizione del Canone per l_occupazione di suolo pubblico NT+.docx,.docx,16641,fbe451416ddf,converted,5205,,
Memorie passate + template/CUP_ARTICOLI MERCIARI/ARTICOLI MERCIARI/la componente pubblicitaria del CUP ha natura tributaria.docx,.docx,16372,f9ab39bd2320,converted,4981,,
Memorie passate + template/CUP_ARTICOLI MERCIARI/ARTICOLI MERCIARI/la corte dei conti interviene sulle esenzioni cup.docx,.docx,18228,525a645900ae,converted,9887,,
Memorie passate + template/CUP_ARTICOLI MERCIARI/ARTICOLI MERCIARI/la durata massima delle autorizzazioni di passo carrabile.docx,.docx,19412,ba556c8b4dc6,converted,9513,,
Memorie passate + template/CUP_ARTICOLI MERCIARI/ARTICOLI MERCIARI/la gestione delle pubbliche affissioni con il regime CUP.docx,.docx,17819,4ddb60193f3a,converted,8651,,
Memorie passate + template/CUP_ARTICOLI MERCIARI/ARTICOLI MERCIARI/la giusta tariffa per impianti pubblicitari su suolo pubblico.docx,.docx,16773,b1f138172b7b,converted,8104,,
Memorie passate + template/CUP_ARTICOLI MERCIARI/ARTICOLI MERCIARI/la modifica del comma 825 articolo 1 L.1602019 non è norma di interpretazione autentica.docx,.docx,14454,bff07b3229f8,converted,1327,,
Memorie passate + template/CUP_ARTICOLI MERCIARI/ARTICOLI MERCIARI/la posizione della società che gestisce l’infrastruttura telefonica nel nostro Paese sul tema della soggettività passiva in via mediata.docx,.docx,17545,efb9a5316912,converted,6365,,
Memorie passate + template/CUP_ARTICOLI MERCIARI/ARTICOLI MERCIARI/la procedura semplificata per i nuovi dehor e il rinnovo automatico per il 2025.docx,.docx,15805,3ca761117d28,converted,5108,,
Memorie passate + template/CUP_ARTICOLI MERCIARI/ARTICOLI MERCIARI/la pubblicità in vetrina.docx,.docx,22622,7dfce6689fa0,converted,15215,,
Memorie passate + template/CUP_ARTICOLI MERCIARI/ARTICOLI MERCIARI/la pubblicità per conto terzi realizzata all’interno degli impianti sportivi deve pagare il CUP.docx,.docx,17676,7f3f654c925b,converted,6656,,
Memorie passate + template/CUP_ARTICOLI MERCIARI/ARTICOLI MERCIARI/la pubblicità realizzata lungo le strade statali rimane di esclusiva competenza del Comune rev.1.docx,.docx,17900,a833fac9ac8f,converted,6990,,
Memorie passate + template/CUP_ARTICOLI MERCIARI/ARTICOLI MERCIARI/la pubblicità realizzata sui veicoli.docx,.docx,13600,0b924d215bae,converted,2425,,
Memorie passate + template/CUP_ARTICOLI MERCIARI/ARTICOLI MERCIARI/la pubblicità si paga al comune.docx,.docx,15347,6587490db9a5,converted,3427,,
Memorie passate + template/CUP_ARTICOLI MERCIARI/ARTICOLI MERCIARI/la pubblicità sui camion vela.docx,.docx,14107,f5cd6a41ee15,converted,1531,,
Memorie passate + template/CUP_ARTICOLI MERCIARI/ARTICOLI MERCIARI/la revoca della concessione per debiti tributari.docx,.docx,14172,67203ba68586,converted,2722,,
Memorie passate + template/CUP_ARTICOLI MERCIARI/ARTICOLI MERCIARI/la rilevazione qualificata dell’agente accertatore in materia di CUP.docx,.docx,16486,7740dd8f06da,converted,5063,,
Memorie passate + template/CUP_ARTICOLI MERCIARI/ARTICOLI MERCIARI/la sanzione per omesso versamento nella disciplina del Canone Unico.docx,.docx,16258,e72500d81228,converted,5309,,
Memorie passate + template/CUP_ARTICOLI MERCIARI/ARTICOLI MERCIARI/la separazione delle attività per via contrattuale .docx,.docx,21528,1c2cab43595e,converted,11250,,
Memorie passate + template/CUP_ARTICOLI MERCIARI/ARTICOLI MERCIARI/la separazione delle attività per via contrattuale e la soggettività passiva in via mediata.docx,.docx,21084,279b45881879,converted,10786,,
Memorie passate + template/CUP_ARTICOLI MERCIARI/ARTICOLI MERCIARI/la servitù di pubblico passaggio nel Canone Unico Patrimoniale.docx,.docx,15697,e5b6e368bfbe,converted,5791,,
Memorie passate + template/CUP_ARTICOLI MERCIARI/ARTICOLI MERCIARI/la tariffa del canone mercatale.docx,.docx,16715,98edb147e6a1,converted,4313,,
Memorie passate + template/CUP_ARTICOLI MERCIARI/ARTICOLI MERCIARI/le  antenne di telefonia mobile non sono un servizio pubblico.docx,.docx,23767,ed11c960507c,converted,12889,,
Memorie passate + template/CUP_ARTICOLI MERCIARI/ARTICOLI MERCIARI/le condutture del servizio idrico integrato pagano il Canone.docx,.docx,15719,0782da8af274,converted,3334,,
Memorie passate + template/CUP_ARTICOLI MERCIARI/ARTICOLI MERCIARI/le fermate del TPL esenti dal pagamento CUP - integrazione.docx,.docx,15746,8d9379ef1631,converted,4740,,
Memorie passate + template/CUP_ARTICOLI MERCIARI/ARTICOLI MERCIARI/le foto di Google sono una prova ai fini dell’accertamento CUP.docx,.docx,16828,04bcc3a12e30,converted,6574,,
Memorie passate + template/CUP_ARTICOLI MERCIARI/ARTICOLI MERCIARI/le infrastrutture di rete realizzate con finanziamenti pubblici non godono di esenzione CUP.docx,.docx,18050,0c05f1325b5a,converted,7112,,
Memorie passate + template/CUP_ARTICOLI MERCIARI/ARTICOLI MERCIARI/le insegne degli enti senza scopo di lucro sono esenti dal pagamento del CUP.docx,.docx,13458,608eb173877f,converted,1507,,
Memorie passate + template/CUP_ARTICOLI MERCIARI/ARTICOLI MERCIARI/le insegne delle farmacie.docx,.docx,25395,06d03a79bacb,converted,17827,,
Memorie passate + template/CUP_ARTICOLI MERCIARI/ARTICOLI MERCIARI/le modalità di rilievo degli impianti pubblicitari e la figura dell’Accertatore delle entrate.docx,.docx,19612,51ec43840f72,converted,10073,,
Memorie passate + template/CUP_ARTICOLI MERCIARI/ARTICOLI MERCIARI/le occupazioni realizzate da enti pubblici non sono sempre esenti.docx,.docx,20902,514404d79d64,converted,13682,,
Memorie passate + template/CUP_ARTICOLI MERCIARI/ARTICOLI MERCIARI/legittimo aumentare le tariffe CUP.docx,.docx,18259,22e54c6db7b2,converted,4328,,
Memorie passate + template/CUP_ARTICOLI MERCIARI/ARTICOLI MERCIARI/legittimo il diniego alla concessione di suolo pubblico in caso di morosità del richiedente.docx,.docx,16149,85fa68166b35,converted,3633,,
Memorie passate + template/CUP_ARTICOLI MERCIARI/ARTICOLI MERCIARI/l’Antitrust avvia un’istruttoria sulla divisione TIM e FiberCop.docx,.docx,19623,4dc26f035170,converted,7485,,
Memorie passate + template/CUP_ARTICOLI MERCIARI/ARTICOLI MERCIARI/l’individuazione del soggetto passivo nel CUP.docx,.docx,16089,6e21bb1a125d,converted,6180,,
Memorie passate + template/CUP_ARTICOLI MERCIARI/ARTICOLI MERCIARI/l’istruttoria per l’autorizzazione dei Passi Carrabili.docx,.docx,23423,4493aa8557d3,converted,12490,,
Memorie passate + template/CUP_ARTICOLI MERCIARI/ARTICOLI MERCIARI/monografia La figura del Pubblico Ufficiale in ambito CUP.docx,.docx,72776,75248ca5c506,converted,111157,,
Memorie passate + template/CUP_ARTICOLI MERCIARI/ARTICOLI MERCIARI/nuova sentenza sulla prescrizione decennale del canone per l_occupazione del suolo pubblico.docx,.docx,16582,d7eb55d76e35,converted,5187,,
Memorie passate + template/CUP_ARTICOLI MERCIARI/ARTICOLI MERCIARI/nuova sentenza sulla soggettività passiva in via mediata.docx,.docx,18212,ac9152ecb5c4,converted,7358,,
Memorie passate + template/CUP_ARTICOLI MERCIARI/ARTICOLI MERCIARI/nuova sentenza sulle antenne.docx,.docx,17459,a3c09a712573,converted,4921,,
Memorie passate + template/CUP_ARTICOLI MERCIARI/ARTICOLI MERCIARI/nuovi importanti chiarimenti sul tema dell’invarianza di gettito del CUP.docx,.docx,16814,37327a892033,converted,7709,,
Memorie passate + template/CUP_ARTICOLI MERCIARI/ARTICOLI MERCIARI/occupazioni  permanenti.docx,.docx,15056,84a82305b63d,converted,428,,
Memorie passate + template/CUP_ARTICOLI MERCIARI/ARTICOLI MERCIARI/orientamento sempre più consolidato nei contenziosi sulla tassazione dei viadotti autostradali.docx,.docx,14176,fbd9c8b135d7,converted,1133,,
Memorie passate + template/CUP_ARTICOLI MERCIARI/ARTICOLI MERCIARI/pagano il CUP i cartelli esposti all’interno dell’area camping .docx,.docx,17956,4dabdfb5e5f3,converted,7256,,
Memorie passate + template/CUP_ARTICOLI MERCIARI/ARTICOLI MERCIARI/perchè le società concessionarie per le autostrade impugnano il CUP davanti al TAR - parte 2.docx,.docx,22960,b4345b0c7176,converted,19347,,
Memorie passate + template/CUP_ARTICOLI MERCIARI/ARTICOLI MERCIARI/perchè le società concessionarie per le autostrade impugnano il CUP davanti al TAR.docx,.docx,20072,d604e485aaf2,converted,11170,,
Memorie passate + template/CUP_ARTICOLI MERCIARI/ARTICOLI MERCIARI/presentazione monografia rev.1.docx,.docx,14594,f7eece340767,converted,1519,,
Memorie passate + template/CUP_ARTICOLI MERCIARI/ARTICOLI MERCIARI/problemi  tariife mercati.docx,.docx,16425,02164589311c,converted,5969,,
Memorie passate + template/CUP_ARTICOLI MERCIARI/ARTICOLI MERCIARI/procedura chiusura attività per occupazioni abusive.docx,.docx,17378,cce5d417439d,converted,5820,,
Memorie passate + template/CUP_ARTICOLI MERCIARI/ARTICOLI MERCIARI/programma merciari.docx,.docx,14376,b4a28e77ffc8,converted,784,,
"Memorie passate + template/CUP_ARTICOLI MERCIARI/ARTICOLI MERCIARI/proroghe e rinnovi dehors, il punto dopo il periodo emergenziale e la Legge sulla concorrenza.docx",.docx,106111,170ee9e959f6,converted,106111,,
Memorie passate + template/CUP_ARTICOLI MERCIARI/ARTICOLI MERCIARI/pubblicato l’osservatorio sulle comunicazioni di AGCOM numero 1 del 2024.docx,.docx,18959,9ad5880eaa9e,converted,9548,,
Memorie passate + template/CUP_ARTICOLI MERCIARI/ARTICOLI MERCIARI/pubblicità sugli autobus del trasporto pubblico locale.docx,.docx,18605,77959557dda6,converted,9719,,
Memorie passate + template/CUP_ARTICOLI MERCIARI/ARTICOLI MERCIARI/quando non serve l_autorizzazione per gli impianti pubblicitari.docx,.docx,13493,c6112ac733ab,converted,94,,
Memorie passate + template/CUP_ARTICOLI MERCIARI/ARTICOLI MERCIARI/quesito occupazioni abusive.docx,.docx,15598,e97b65ab47b6,converted,4801,,
Memorie passate + template/CUP_ARTICOLI MERCIARI/ARTICOLI MERCIARI/quesito piattaforma Smart24 CONCESSIONE O APPALTO.docx,.docx,15813,e9ec3107dcc7,converted,3969,,
Memorie passate + template/CUP_ARTICOLI MERCIARI/ARTICOLI MERCIARI/quesito piattaforma integrazione.docx,.docx,20419,98eb5949f144,converted,10186,,
Memorie passate + template/CUP_ARTICOLI MERCIARI/ARTICOLI MERCIARI/quesito piattaforma.docx,.docx,20209,e741096a696b,converted,10064,,
Memorie passate + template/CUP_ARTICOLI MERCIARI/ARTICOLI MERCIARI/quesito smart24.docx,.docx,19554,2a92ff9f2454,converted,10786,,
Memorie passate + template/CUP_ARTICOLI MERCIARI/ARTICOLI MERCIARI/quesito sul presupposto pubblicitario.docx,.docx,17488,c9160c04df18,converted,5793,,
Memorie passate + template/CUP_ARTICOLI MERCIARI/ARTICOLI MERCIARI/rivalutazione ISTAT.docx,.docx,14602,6936239e7fff,converted,1936,,
Memorie passate + template/CUP_ARTICOLI MERCIARI/ARTICOLI MERCIARI/sulla giurisdizione del CUP deve pronunciarsi la Corte di Cassazione.docx,.docx,17677,ce80408807f9,converted,6284,,
Memorie passate + template/CUP_SENTENZE/202500073_01.pdf,.pdf,163475,0a9eaff4938a,converted,18958,,
Memorie passate + template/CUP_SENTENZE/20250615_snciv@s50@a2025@n15973@tO.clean_ FIRMA A MEZZO STAMOA AVVISI DI ACCERTAMENTO.pdf,.pdf,147453,ae70e0506b86,converted,15825,,
Memorie passate + template/CUP_SENTENZE/20250624_snciv@s50@a2025@n16868@tO.clean_.pdf,.pdf,164557,c07cfa5ea79d,converted,19966,,
Memorie passate + template/CUP_SENTENZE/20260208_snciv@s50@a2026@n02769@tO.clean_.pdf,.pdf,153748,84a9bf793417,converted,10547,,
Memorie passate + template/CUP_SENTENZE/24246073s_251022_141612.pdf,.pdf,196730,9d91e4a12525,converted,13457,,
Memorie passate + template/CUP_SENTENZE/43627003.pdf,.pdf,636992,e81ad47bdce1,converted,118528,,
Memorie passate + template/CUP_SENTENZE/6818145s.pdf,.pdf,272676,ea3c2909e6bd,converted,39296,,
Memorie passate + template/CUP_SENTENZE/AGCOM_Osservatorio n.4-2025_0 (1).pdf,.pdf,1773797,10c1a8120f18,converted,75181,,
Memorie passate + template/CUP_SENTENZE/CDS_8610_2023_silenzio-assenso.pdf,.pdf,324480,daf6d4bd249a,converted,101890,,
Memorie passate + template/CUP_SENTENZE/CG1T-Vicenza-Sez.-II-Ordinanza-Sentenza-del-10_04_2025-n.-100.pdf,.pdf,17088,129945e823a3,converted,9212,,
Memorie passate + template/CUP_SENTENZE/CGT-I-GRADO-MI-SEZ-16-SENTENZA-260-DEL-2712023.pdf,.pdf,59275,3ee8ffd361f1,converted,6618,,
Memorie passate + template/CUP_SENTENZE/CGT1G-Sassari-Sez.2-Sentenza_V57_535_2024-del-19_8_2024.pdf,.pdf,163217,7b17c6c651a1,converted,6375,,
Memorie passate + template/CUP_SENTENZE/CGT2G-Friuli-Trieste-Sez.-III-Sentenza-del-02022024-n.-38.pdf,.pdf,81978,8aa5f8126dba,converted,9474,,
Memorie passate + template/CUP_SENTENZE/CGT2G-Lazio-Sez.XVII-Sentenza-691-del-3_2_2025.pdf,.pdf,39774,0ae7515f85fd,converted,25957,,
Memorie passate + template/CUP_SENTENZE/CGT2G-Torino-Sez.I-Sentenza-178-del-24_4_2023.pdf,.pdf,91243,3d78ac2a917a,converted,15134,,
Memorie passate + template/CUP_SENTENZE/CGT2G-sez.VII-Sentenza-1009-del-13_2_2024-Roma-.pdf,.pdf,173575,8a74fbd101cf,converted,12065,,
Memorie passate + template/CUP_SENTENZE/CIRCOLARE MEF 2009.pdf,.pdf,157958,8d4df9027573,duplicate,0,Memorie passate + template/CONTENZIOSO_Maria_Rosa/TELEFONIA/CIRCOLARE MEF 2009.pdf,
Memorie passate + template/CUP_SENTENZE/CONSIGLIO DI STATO 10018_2023 COSAP VIADOTTI AUTOSTRADALI.pdf,.pdf,363605,2a0d2597cf88,converted,38505,,
Memorie passate + template/CUP_SENTENZE/Cassazione – Sez. Civile V – Ordinanza 1164 del 20 1 2026.pdf,.pdf,131390,91216ce4bed2,converted,9977,,
Memorie passate + template/CUP_SENTENZE/Cassazione-Civile-Ord.-Sez.-5-Num.-2164-del-22012024 VIADOTTI.pdf,.pdf,143510,1a7edbca49dc,converted,22194,,
Memorie passate + template/CUP_SENTENZE/Cassazione-Sez-I-Ordinanza-9880-del-13042023.pdf,.pdf,181980,13961acb149f,converted,23869,,
Memorie passate + template/CUP_SENTENZE/Cassazione-Sez.V-Sentenza-19017-del-5_7_2023.pdf,.pdf,254214,aea12a07fab8,converted,52073,,
Memorie passate + template/CUP_SENTENZE/CdA Milano Sez. III Sentenza del 5122022 n. 3638.pdf,.pdf,90702,c818231fdbc3,converted,13865,,
Memorie passate + template/CUP_SENTENZE/Civile-Ord.-Sez.-1-Sentenza-Num.-17182-del-26_6_2025.pdf,.pdf,156971,3f2ab911242c,converted,22549,,
Memorie passate + template/CUP_SENTENZE/Civile-Ord.-Sez.-5-Num.-2184-Anno-2020.pdf,.pdf,155341,a2b08f7c30de,converted,6014,,
Memorie passate + template/CUP_SENTENZE/Civile-Ord.-Sez.-5-Num.-6029-Anno-2024-del-6_3_2024.pdf,.pdf,123962,9991a92761ea,converted,14316,,
Memorie passate + template/CUP_SENTENZE/Civile-Sent.-Sez.-5-Num.-27497-Anno-2014.pdf,.pdf,634306,6697aa129967,converted,26375,,
Memorie passate + template/CUP_SENTENZE/Com_.-trib.-prov.-Sardegna-Nuoro-Sez.-I-Sent.-16022024-n.-37.pdf,.pdf,83939,3296d0f3551f,converted,9138,,
Memorie passate + template/CUP_SENTENZE/Consiglio di Stato - Parere 1151 del 17_8_2023.pdf,.pdf,334663,69ee4d239e6d,converted,25873,,
Memorie passate + template/CUP_SENTENZE/Consiglio-di-Stato-Sez.II-Sentenza-6666-del-23_7_2024.pdf,.pdf,420073,19c433a0ecfa,converted,70075,,
Memorie passate + template/CUP_SENTENZE/Consiglio-di-Stato-Sez.V-Sentenza-4427-del-17_5_2024.pdf,.pdf,309335,80b96f607a93,converted,22342,,
Memorie passate + template/CUP_SENTENZE/Consiglio-di-Stato-Sez.V-Sentenza-8190-del-22-10-2025.pdf,.pdf,3967747,c17893b50c20,needs_ocr,0,,pdf con poco testo (scansione?)
Memorie passate + template/CUP_SENTENZE/Consiglio-di-Stato-Sez.VII-Sentenza-8846-del-10102023.pdf,.pdf,333510,4ad7610b6015,converted,32190,,
Memorie passate + template/CUP_SENTENZE/Consiglio_di_Stato_3375_2022.pdf,.pdf,307985,45421292cb91,converted,17441,,
Memorie passate + template/CUP_SENTENZE/Corte D’Appello di Venezia – Sez. II – Sentenza 84 del 9 3 2026.pdf,.pdf,373283,a32dea7c0a5e,duplicate,0,Memorie passate + template/CONTENZIOSO_Maria_Rosa/IDRICO/Corte D’Appello di Venezia – Sez. II – Sentenza 84 del 9 3 2026.pdf,
Memorie passate + template/CUP_SENTENZE/Corte-Conti-Puglia-Parere-deliberazione-n.-93_2023_PAR.pdf,.pdf,79719,ef35f7ff9031,converted,22893,,
Memorie passate + template/CUP_SENTENZE/ECLI_IT_CONT_2024_162SRCLIG-PAR.pdf,.pdf,298064,f4726b9856d3,converted,18971,,
Memorie passate + template/CUP_SENTENZE/ECLI_IT_CONT_2024_56SRCPUG-PAR.pdf,.pdf,178064,aece87c32c98,converted,14775,,
Memorie passate + template/CUP_SENTENZE/ECLI_IT_CONT_2024_80SRCPIE-PAR.pdf,.pdf,375297,dd09becac54b,converted,29239,,
Memorie passate + template/CUP_SENTENZE/Giudice-Di-Pace-Padova-Sentenza-del-1112024.pdf,.pdf,234920,b89aa7dc5bf0,converted,25998,,
Memorie passate + template/CUP_SENTENZE/Giudice-di-Pace-Belluno-Sentenza-del-04_04_24.pdf,.pdf,219471,9d963bd7d237,converted,30364,,
Memorie passate + template/CUP_SENTENZE/Giudice-di-Pace-di-Belluno-Sentenza-del-31_8_2024.pdf,.pdf,219712,9a866d7a3b98,converted,17614,,
Memorie passate + template/CUP_SENTENZE/P000000045_001000_Reg_Dehor_2024-12.12.2024_(1).pdf,.pdf,320345,6e4467a39679,converted,30433,,
Memorie passate + template/CUP_SENTENZE/Pubblica amministrazione - Enti locali - In proporzione alle.pdf,.pdf,76514,fb2552f29966,converted,2387,,
Memorie passate + template/CUP_SENTENZE/RG_7546_2025_Decreto_PP_assegnazion_SU_noindex (1).pdf,.pdf,375615,2adab92e3dcc,needs_ocr,0,,pdf con poco testo (scansione?)
Memorie passate + template/CUP_SENTENZE/RG_7546_2025_Decreto_PP_assegnazion_SU_noindex.pdf,.pdf,375615,2adab92e3dcc,duplicate,0,Memorie passate + template/CUP_SENTENZE/RG_7546_2025_Decreto_PP_assegnazion_SU_noindex (1).pdf,
Memorie passate + template/CUP_SENTENZE/Risoluzione del 05_06_1995 n. 146 - Min. Finanze - Dip. Entrate Fiscalità Locale Serv. IV.pdf,.pdf,3829,da0f1e2a2ec7,converted,2849,,
Memorie passate + template/CUP_SENTENZE/Risoluzione-n.-3-del-2023-canone-unico-vari-quesiti_sito.pdf,.pdf,786346,b926b4229243,converted,8038,,
Memorie passate + template/CUP_SENTENZE/Ristori CUP per il sisma del 2016 a favore dei soli Comuni terremotati.pdf,.pdf,85502,37d40a560524,converted,4295,,
Memorie passate + template/CUP_SENTENZE/SENTENZA CASSAZIONE 308 2020.pdf,.pdf,221298,4b9add9aeefa,converted,6949,,
Memorie passate + template/CUP_SENTENZE/SENTENZA CONSIGLIO DI STATO N. 2229 - 2014.pdf,.pdf,189946,f881ed9e2628,converted,5239,,
Memorie passate + template/CUP_SENTENZE/SENTENZA CORTE DI CASSAZIONE 17184 DEL 2025.pdf,.pdf,110105,773df0d7f973,converted,13757,,
Memorie passate + template/CUP_SENTENZE/SENTENZA-N.-355-C_COSTITUZIONALE_17_7_2002.pdf,.pdf,150112,3e04be493125,converted,20956,,
Memorie passate + template/CUP_SENTENZE/SENTENZA_CORTE_DI_APPELLO_DI_ANCONA_N._366_2025_-_N._R.G._00000944_2023_DEL_04_03_2025_PUBBLICATA_IL_04_03_2025.pdf,.pdf,162369,7d22485b199f,converted,17477,,
Memorie passate + template/CUP_SENTENZE/SENTENZA_CORTE_DI_APPELLO_DI_GENOVA_N._674_2025_-_N._R.G._00000694_2024_DEL_31_05_2025_PUBBLICATA_IL_31_05_2025.pdf,.pdf,337909,2efa1e46c600,converted,23070,,
Memorie passate + template/CUP_SENTENZE/SENTENZA_CORTE_DI_APPELLO_DI_MILANO_N._1360_2025_-_N._R.G._00001872_2023_DEL_13_05_2025_PUBBLICATA_IL_13_05_2025.pdf,.pdf,376665,8c0bd55a5bdc,converted,13188,,
Memorie passate + template/CUP_SENTENZE/SENTENZA_CORTE_DI_APPELLO_DI_NAPOLI_N._2347_2025_-_N._R.G._00000753_2020_DEPOSITO_MINUTA_12_05_2025__PUBBLICAZIONE_12_05_2025_prescrizione_decennale.pdf,.pdf,270342,0fc36e6477e2,converted,18776,,
Memorie passate + template/CUP_SENTENZE/SENTENZA_CORTE_DI_APPELLO_DI_NAPOLI_N._3649_2025_-_N._R.G._00002621_2022_DEPOSITO_MINUTA_08_07_2025__PUBBLICAZIONE_08_07_2025_iuris_tantum.pdf,.pdf,421197,88d1deef9fcd,converted,26869,,
Memorie passate + template/CUP_SENTENZE/SENTENZA_CORTE_DI_APPELLO_DI_VENEZIA_N._814_2025_-_N._R.G._00001810_2024_DEL_04_04_2025_PUBBLICATA_IL_04_04_2025.pdf,.pdf,299251,4239ef0bc7cc,converted,25423,,
Memorie passate + template/CUP_SENTENZE/SENTENZA_TRIBUNALE_DI_BARI_N._832_2025_-_N._R.G._00010818_2023_DEL_06_03_2025_PUBBLICATA_IL_06_03_2025.pdf,.pdf,139284,1ce9fcd406ce,converted,15532,,
Memorie passate + template/CUP_SENTENZE/SENTENZA_TRIBUNALE_DI_BOLOGNA_N._2679_2025_-_N._R.G._00006630_2024_DEPOSITO_MINUTA_24_10_2025__PUBBLICAZIONE_24_10_2025_autostrada.pdf,.pdf,517228,6e0b3dcc5c72,converted,20628,,
Memorie passate + template/CUP_SENTENZE/SENTENZA_TRIBUNALE_DI_LATINA_N._2048_2025_-_N._R.G._00002760_2024_DEPOSITO_MINUTA_01_12_2025__PUBBLICAZIONE_01_12_2025.pdf,.pdf,273342,e638c5b0d0c6,converted,15692,,
Memorie passate + template/CUP_SENTENZE/SENTENZA_TRIBUNALE_DI_LECCE_N._2661_2025_-_N._R.G._00005078_2024_DEPOSITO_MINUTA_26_09_2025__PUBBLICAZIONE_26_09_2025.pdf,.pdf,248088,e8401e374b40,converted,18613,,
Memorie passate + template/CUP_SENTENZE/SENTENZA_TRIBUNALE_DI_NAPOLI_N._4171_2025_-_N._R.G._00003129_2022_DEL_28_04_2025_PUBBLICATA_IL_29_04_2025.pdf,.pdf,250531,c190dbc69be6,converted,14062,,
Memorie passate + template/CUP_SENTENZE/SENTENZA_TRIBUNALE_DI_PESCARA_N._1422_2024_-_N._R.G._00003763_2022_DEL_14_12_2024_PUBBLICATA_IL_17_12_2024.pdf,.pdf,211252,fbd0ff052678,converted,20388,,
Memorie passate + template/CUP_SENTENZE/SENTENZA_TRIBUNALE_DI_PESCARA_N._153_2026_-_N._R.G._00002337_2023_DEPOSITO_MINUTA_09_02_2026__PUBBLICAZIONE_09_02_2026.pdf,.pdf,350689,54c3f7c6abd3,converted,68636,,
Memorie passate + template/CUP_SENTENZE/SENTENZA_TRIBUNALE_DI_PRATO_N._237_2025_-_N._R.G._00002024_2023_DEL_21_04_2025_PUBBLICATA_IL_21_04_2025 (1).pdf,.pdf,280925,c95d6491c47e,converted,21946,,
Memorie passate + template/CUP_SENTENZE/SENTENZA_TRIBUNALE_DI_PRATO_N._237_2025_-_N._R.G._00002024_2023_DEL_21_04_2025_PUBBLICATA_IL_21_04_2025.pdf,.pdf,280925,c95d6491c47e,duplicate,0,Memorie passate + template/CUP_SENTENZE/SENTENZA_TRIBUNALE_DI_PRATO_N._237_2025_-_N._R.G._00002024_2023_DEL_21_04_2025_PUBBLICATA_IL_21_04_2025 (1).pdf,
Memorie passate + template/CUP_SENTENZE/SENTENZA_TRIBUNALE_DI_SASSARI_N._293_2024_-_N._R.G._00002608_2023_DEPOSITO_MINUTA_07_03_2024__PUBBLICAZIONE_06_03_2024.pdf,.pdf,136935,b79a190bfdf0,converted,18679,,
Memorie passate + template/CUP_SENTENZE/SENTENZA_TRIBUNALE_DI_TORINO_N._1151_2025_-_N._R.G._00018743_2023_DEL_08_03_2025_PUBBLICATA_IL_10_03_2025.pdf,.pdf,217680,20c01c6e1f3e,converted,26268,,
Memorie passate + template/CUP_SENTENZE/SENTENZA_TRIBUNALE_DI_TORINO_N._1652_2025_-_N._R.G._00010249_2023_DEL_03_04_2025_PUBBLICATA_IL_03_04_2025.pdf,.pdf,339692,42131d8cdb4f,converted,29368,,
Memorie passate + template/CUP_SENTENZE/SENTENZA_TRIBUNALE_DI_TORINO_N._1653_2025_-_N._R.G._00014531_2023_DEL_03_04_2025_PUBBLICATA_IL_03_04_2025.pdf,.pdf,330198,715b2d3e8ba1,converted,30909,,
Memorie passate + template/CUP_SENTENZE/Scan2025-04-18_091030.pdf,.pdf,5066896,c96c5f5bd512,needs_ocr,0,,pdf con poco testo (scansione?)
Memorie passate + template/CUP_SENTENZE/Sentenza C.d.A. Venezia 3441-2025.pdf,.pdf,349436,5ebf5d8436b8,duplicate,0,Memorie passate + template/CONTENZIOSO_Maria_Rosa/IDRICO/Sentenza C.d.A. Venezia 3441-2025.pdf,
Memorie passate + template/CUP_SENTENZE/Sentenza GdP Treviso 1386 2023.pdf,.pdf,165907,6ef903b35933,converted,6391,,
Memorie passate + template/CUP_SENTENZE/Sentenza di Corte di Cassazione Civile Ord. Sez. 1 Num. 17184 Anno 2025.pdf,.pdf,110105,773df0d7f973,duplicate,0,Memorie passate + template/CUP_SENTENZE/SENTENZA CORTE DI CASSAZIONE 17184 DEL 2025.pdf,
Memorie passate + template/CUP_SENTENZE/Sentenza n. 908 2025 del 15.10.2025 del Tribunale di Bolzano.pdf,.pdf,278493,2d0abc1069b6,duplicate,0,Memorie passate + template/CONTENZIOSO_Maria_Rosa/TELEFONIA/Sentenza n. 908 2025 del 15.10.2025 del Tribunale di Bolzano.pdf,
Memorie passate + template/CUP_SENTENZE/Sentenza viadotti.pdf,.pdf,244653,2903f8781a27,converted,8511,,
Memorie passate + template/CUP_SENTENZE/Sentenza-del-24_10_2024-n.-799-CGT2G-Liguria-Sezione-3.pdf,.pdf,106071,7931e3a2998a,converted,13552,,
Memorie passate + template/CUP_SENTENZE/Sentenza-n.-240-2025-del-20-02-2025-del-Tribunale-di-Treviso.pdf,.pdf,293940,2f4c1d7a5646,converted,19822,,
Memorie passate + template/CUP_SENTENZE/Sentenza_RG_000447_2024_UD_16062025 Como Acqua Comune di Cantu.pdf,.pdf,99338,d3e6299a6f5d,duplicate,0,Memorie passate + template/CONTENZIOSO_Maria_Rosa/IDRICO/Sentenza_RG_000447_2024_UD_16062025.pdf,
Memorie passate + template/CUP_SENTENZE/Sentenza_V70_1348_2025cup_p_tributo.pdf,.pdf,382352,7ad9a02d3d4c,converted,8347,,
Memorie passate + template/CUP_SENTENZE/TAR MI CUP n.01848-2023.pdf,.pdf,190505,858e46034874,converted,31647,,
Memorie passate + template/CUP_SENTENZE/TAR MI CUP n.01850-2023.pdf,.pdf,210864,7a3c0027c71c,converted,40841,,
Memorie passate + template/CUP_SENTENZE/TAR Milano – Sez. V – Sentenza 1786 del 21.5.2025.pdf,.pdf,342239,0e4db15f064f,converted,53964,,
Memorie passate + template/CUP_SENTENZE/TAR NAPOLI CONCESSIONI.pdf,.pdf,290920,1f28ff12223e,converted,46863,,
Memorie passate + template/CUP_SENTENZE/TAR Veneto – Sez.IV – Sentenza 1766 del 18 9 2025.pdf,.pdf,151049,d81da81cce68,converted,16725,,
Memorie passate + template/CUP_SENTENZE/TAR-BARI-Sez.-III-Ordinanza-587-del-16122022.pdf,.pdf,129441,6f32ee267b05,converted,8266,,
Memorie passate + template/CUP_SENTENZE/TAR-BS-Sez.II-Sentenza-576-del-10_7_2023.pdf,.pdf,313248,0c9c94c3cabf,converted,25221,,
Memorie passate + template/CUP_SENTENZE/TAR-CAGLIARI-Sez.I-Sentenza-226-del-10_3_2025.pdf,.pdf,177078,0941727b2fbf,converted,35016,,
Memorie passate + template/CUP_SENTENZE/TAR-CATANIA-Sez.III-Sentenza-2715-del-18_9_2025.pdf,.pdf,188317,e62e3cec61fb,converted,20822,,
Memorie passate + template/CUP_SENTENZE/TAR-LECCE-Sez.-II-Sentenza-632-del-1552023.pdf,.pdf,230684,d8aefea390d7,converted,9808,,
Memorie passate + template/CUP_SENTENZE/TAR-LIGURIA-SEZ.I-Sentenza-311-del-03052024.pdf,.pdf,338881,fd0d5ba2480a,converted,36797,,
Memorie passate + template/CUP_SENTENZE/TAR-MI-Sentenza-1443-del-14_5_2024.pdf,.pdf,284463,f92f60195ae5,converted,12623,,
Memorie passate + template/CUP_SENTENZE/TAR-NA-Sez.III-Sentenza-2817-del-4_4_2025.pdf,.pdf,157623,b7fbee0c44e8,converted,22528,,
Memorie passate + template/CUP_SENTENZE/TAR-Piemonte-Sez.II-Sentenza-n.7-del-7_1_2025.pdf,.pdf,184715,99cfe74e829c,converted,27456,,
Memorie passate + template/CUP_SENTENZE/TAR-ROMA-SENTENZA-3855-DEL-4-4-2022.pdf,.pdf,401979,58a2261d7006,converted,54164,,
Memorie passate + template/CUP_SENTENZE/TAR_LAZIO.pdf,.pdf,10914294,13696eb1ccb0,needs_ocr,0,,pdf con poco testo (scansione?)
Memorie passate + template/CUP_SENTENZE/TRIBUNALE ORDINARIO DI MACERATA_sentenza_814 del_11_10_2023.pdf,.pdf,125154,ccfcd4cdf228,converted,14019,,
Memorie passate + template/CUP_SENTENZE/TRIBUNALE ORDINARIO di MILANO - Sez.I Civile - Sentenza 8844 del 9_11_2023.pdf,.pdf,78777,028aae6a8fd1,converted,13342,,
Memorie passate + template/CUP_SENTENZE/Tar Cagliari - Sentenza 477 del 27_5_2025 (1).pdf,.pdf,271374,fbe6632af6c6,converted,33951,,
Memorie passate + template/CUP_SENTENZE/Tar Lazio Roma CUP 10.2025.pdf,.pdf,450474,9cad8593d29b,converted,60068,,
Memorie passate + template/CUP_SENTENZE/Tar Veneto – Sez.IV – Sentenza 19 del 5 1 2026.pdf,.pdf,191772,ccdb64c41b85,converted,27689,,
Memorie passate + template/CUP_SENTENZE/Tar-Palermo-Sez.III-Sentenza-3843-del-22_12_2023.pdf,.pdf,319722,499da8db43a8,converted,23225,,
Memorie passate + template/CUP_SENTENZE/Tribunale Piacenza Sentenza 207 del 06.05.2025 - 1grado VODAFONE.pdf,.pdf,226637,72a0e0b18efc,duplicate,0,Memorie passate + template/CONTENZIOSO_Maria_Rosa/TELEFONIA/FASTWEB/Tribunale Piacenza Sentenza 207 del 06.05.2025 - 1grado VODAFONE.pdf,
Memorie passate + template/CUP_SENTENZE/Tribunale di Piacenza sentenza 350 del 16.07.2025 -appello WIND.pdf,.pdf,267818,225c8b8dd8c8,duplicate,0,Memorie passate + template/CONTENZIOSO_Maria_Rosa/TELEFONIA/FASTWEB/Tribunale di Piacenza sentenza 350 del 16.07.2025 -appello WIND.pdf,
Memorie passate + template/CUP_SENTENZE/Tribunale-Rovigo-Sez.I-Sentenza-del-22_11_2024.pdf,.pdf,343677,e0e1de4fbbe6,duplicate,0,Memorie passate + template/CONTENZIOSO_Maria_Rosa/IDRICO/Tribunale-Rovigo-Sez.I-Sentenza-del-22_11_2024.pdf,
Memorie passate + template/CUP_SENTENZE/Tribunale_Pavia_Sez_III_Sentenza_del_27122022_n_1645_SEZIONE_TERZA.pdf,.pdf,87547,8c1280b6c053,converted,10675,,
Memorie passate + template/CUP_SENTENZE/Tribunale_frosinone_4_10_2019.pdf,.pdf,111773,0abcdf7a0904,converted,29806,,
Memorie passate + template/CUP_SENTENZE/_20250624_snciv@s50@a2025@n16866@tO.clean.pdf,.pdf,168313,28a2dedb19fd,converted,21904,,
Memorie passate + template/CUP_SENTENZE/_20250723_snciv@s50@a2025@n20831@tO.clean.pdf,.pdf,168652,424342b20f83,converted,18031,,
Memorie passate + template/CUP_SENTENZE/cass-civ-sez-i-sent-data-ud-09-03-1990-09-03-1990- (1).pdf,.pdf,85944,28aa7d33f8f0,converted,18336,,
Memorie passate + template/CUP_SENTENZE/cass-civ-sez-unite-sent-data-ud-21-05-2019-07-05-2.pdf,.pdf,147685,30093d180043,converted,52472,,
Memorie passate + template/CUP_SENTENZE/cdc_abruzzo_50_2017.pdf,.pdf,366637,9bd7a02e48d5,converted,69871,,
Memorie passate + template/CUP_SENTENZE/circ-dait-030-servelet-12-04-2024.pdf,.pdf,1138134,aaef7246a10b,converted,36215,,
Memorie passate + template/CUP_SENTENZE/circolare MEF 2009(1).pdf,.pdf,151600,68b9707490c9,converted,31928,,
Memorie passate + template/CUP_SENTENZE/elenco comuni sisma 2016.pdf,.pdf,29829,379fa3eaa30b,converted,4154,,
Memorie passate + template/CUP_SENTENZE/sentenza  viadotti 22 luglio 2022.pdf,.pdf,144512,05cada58ac38,needs_ocr,0,,pdf con poco testo (scansione?)
Memorie passate + template/CUP_SENTENZE/sentenza di Cassazione 530 2022.pdf,.pdf,358757,960596d6fe29,converted,12401,,
Memorie passate + template/CUP_SENTENZE/sentenza su 10 per cento.pdf,.pdf,2259709,98e4a91306e5,converted,593,,
Memorie passate + template/CUP_SENTENZE/sentenza viadotti 2021.pdf,.pdf,226092,481f654661ef,converted,7964,,
Memorie passate + template/CUP_SENTENZE/sentenza-cds-03022025-805.pdf,.pdf,823859,ff11aed788dd,converted,31097,,
Memorie passate + template/SLIDE/CUP_22_GIUGNO 2026.pptx,.pptx,13710100,8d7033a66ae3,converted,55401,,
Memorie passate + template/SLIDE/CUP_utenze_di_rete_corso22GIUGNO.pptx,.pptx,586555,f6404bcd8ea0,converted,7145,,
Memorie passate + template/SLIDE/CdS_CUP_Webinar_Merciari_02_04_26.pptx,.pptx,82431,7d631c1dfe6a,converted,7791,,
Memorie passate + template/SLIDE/Corso_Regolarizzazione_CUP_Luglio2026.pptx,.pptx,307638,62da34b717a5,converted,15611,,
Memorie passate + template/SLIDE/Cup_Natura_Se-sei-Sindaco-1.pptx,.pptx,106013,2f6535706171,converted,11297,,
giurisprudenza-normativa-generale/202500073_01.pdf,.pdf,163475,0a9eaff4938a,duplicate,0,Memorie passate + template/CUP_SENTENZE/202500073_01.pdf,
giurisprudenza-normativa-generale/20250615_snciv@s50@a2025@n15973@tO.clean_ FIRMA A MEZZO STAMOA AVVISI DI ACCERTAMENTO.pdf,.pdf,147453,ae70e0506b86,duplicate,0,Memorie passate + template/CUP_SENTENZE/20250615_snciv@s50@a2025@n15973@tO.clean_ FIRMA A MEZZO STAMOA AVVISI DI ACCERTAMENTO.pdf,
giurisprudenza-normativa-generale/20250624_snciv@s50@a2025@n16868@tO.clean_.pdf,.pdf,164557,c07cfa5ea79d,duplicate,0,Memorie passate + template/CUP_SENTENZE/20250624_snciv@s50@a2025@n16868@tO.clean_.pdf,
giurisprudenza-normativa-generale/20260208_snciv@s50@a2026@n02769@tO.clean_.pdf,.pdf,153748,84a9bf793417,duplicate,0,Memorie passate + template/CUP_SENTENZE/20260208_snciv@s50@a2026@n02769@tO.clean_.pdf,
giurisprudenza-normativa-generale/24246073s_251022_141612.pdf,.pdf,196730,9d91e4a12525,duplicate,0,Memorie passate + template/CUP_SENTENZE/24246073s_251022_141612.pdf,
giurisprudenza-normativa-generale/43627003.pdf,.pdf,636992,e81ad47bdce1,duplicate,0,Memorie passate + template/CUP_SENTENZE/43627003.pdf,
giurisprudenza-normativa-generale/6818145s.pdf,.pdf,272676,ea3c2909e6bd,duplicate,0,Memorie passate + template/CUP_SENTENZE/6818145s.pdf,
giurisprudenza-normativa-generale/AVVISO DI ACCERTAMENTO CANONE UNICO - OMESSO VERSAMENTO._ COMPAGNIE TELEFONICHE. REV.1.docx,.docx,38323,f15f5cce366d,duplicate,0,Memorie passate + template/CUP_ARTICOLI MERCIARI/ARTICOLI MERCIARI/AVVISO DI ACCERTAMENTO CANONE UNICO - OMESSO VERSAMENTO._ COMPAGNIE TELEFONICHE. REV.1.docx,
giurisprudenza-normativa-generale/Accertamento effettuato con sistemi di rilevamento web - Corte di Giustizia di secondo grado del Lazio n.1009 del 13_2_2024 _ TuttoCUP.pdf,.pdf,76477,10d5cdd1f16d,converted,2569,,
giurisprudenza-normativa-generale/Adeguamento ISTAT tariffe CUP _ TuttoCUP.pdf,.pdf,76637,7393c3b2fd80,converted,5880,,
giurisprudenza-normativa-generale/Affissioni - Responsabilità sul contenuto dei messaggi.docx,.docx,21084,b550a8b23237,duplicate,0,Memorie passate + template/CUP_ARTICOLI MERCIARI/ARTICOLI MERCIARI/Affissioni - Responsabilità sul contenuto dei messaggi.docx,
giurisprudenza-normativa-generale/Aggiornamento ISTAT 2024.docx,.docx,16686,41f4c8056203,duplicate,0,Memorie passate + template/CUP_ARTICOLI MERCIARI/ARTICOLI MERCIARI/Aggiornamento ISTAT 2024.docx,
giurisprudenza-normativa-generale/Allegato normativo.pdf,.pdf,491283,d13ca4f847d8,converted,25097,,
giurisprudenza-normativa-generale/Analisi degli operatori del servizio idrico integrato - Parte 2.docx,.docx,22363,0bb30d9a0d29,duplicate,0,Memorie passate + template/CUP_ARTICOLI MERCIARI/ARTICOLI MERCIARI/Analisi degli operatori del servizio idrico integrato - Parte 2.docx,
giurisprudenza-normativa-generale/Analisi degli operatori del servizio idrico integrato.docx,.docx,27900,21b7d69cf5da,duplicate,0,Memorie passate + template/CUP_ARTICOLI MERCIARI/ARTICOLI MERCIARI/Analisi degli operatori del servizio idrico integrato.docx,
giurisprudenza-normativa-generale/Analisi degli operatori del servizio idrico integrato.pdf,.pdf,144977,0911cc6f639b,converted,16894,,
giurisprudenza-normativa-generale/Anche il TAR Veneto legittima l_uso dei coefficenti per le tariffe CUP.docx,.docx,20481,0b37a6490ca8,duplicate,0,Memorie passate + template/CUP_ARTICOLI MERCIARI/ARTICOLI MERCIARI/Anche il TAR Veneto legittima l_uso dei coefficenti per le tariffe CUP.docx,
giurisprudenza-normativa-generale/Ancora una sentenza sull_applicazione del canone non ricognitorio ex articolo 27 Codice della Strada.docx,.docx,14697,5c22647eb52a,duplicate,0,Memorie passate + template/CUP_ARTICOLI MERCIARI/ARTICOLI MERCIARI/Ancora una sentenza sull_applicazione del canone non ricognitorio ex articolo 27 Codice della Strada.docx,
giurisprudenza-normativa-generale/Articolo 56 - Regolamento di Attuazione CdS La Vigilanza sugli impianti pubblicitari.docx,.docx,18241,704f7d6f59c8,duplicate,0,Memorie passate + template/CUP_ARTICOLI MERCIARI/ARTICOLI MERCIARI/Articolo 56 - Regolamento di Attuazione CdS La Vigilanza sugli impianti pubblicitari.docx,
giurisprudenza-normativa-generale/CATANZARO SERVIZIO IDRICO.docx,.docx,16074,da2798ef8c3f,duplicate,0,Memorie passate + template/CUP_ARTICOLI MERCIARI/ARTICOLI MERCIARI/CATANZARO SERVIZIO IDRICO.docx,
giurisprudenza-normativa-generale/CDS_8610_2023_silenzio-assenso.pdf,.pdf,324480,daf6d4bd249a,duplicate,0,Memorie passate + template/CUP_SENTENZE/CDS_8610_2023_silenzio-assenso.pdf,
giurisprudenza-normativa-generale/CG1T-Vicenza-Sez.-II-Ordinanza-Sentenza-del-10_04_2025-n.-100.pdf,.pdf,17088,129945e823a3,duplicate,0,Memorie passate + template/CUP_SENTENZE/CG1T-Vicenza-Sez.-II-Ordinanza-Sentenza-del-10_04_2025-n.-100.pdf,
giurisprudenza-normativa-generale/CGT-I-GRADO-MI-SEZ-16-SENTENZA-260-DEL-2712023.pdf,.pdf,59275,3ee8ffd361f1,duplicate,0,Memorie passate + template/CUP_SENTENZE/CGT-I-GRADO-MI-SEZ-16-SENTENZA-260-DEL-2712023.pdf,
giurisprudenza-normativa-generale/CGT1G-Sassari-Sez.2-Sentenza_V57_535_2024-del-19_8_2024.pdf,.pdf,163217,7b17c6c651a1,duplicate,0,Memorie passate + template/CUP_SENTENZE/CGT1G-Sassari-Sez.2-Sentenza_V57_535_2024-del-19_8_2024.pdf,
giurisprudenza-normativa-generale/CGT2G-Friuli-Trieste-Sez.-III-Sentenza-del-02022024-n.-38.pdf,.pdf,81978,8aa5f8126dba,duplicate,0,Memorie passate + template/CUP_SENTENZE/CGT2G-Friuli-Trieste-Sez.-III-Sentenza-del-02022024-n.-38.pdf,
giurisprudenza-normativa-generale/CGT2G-Lazio-Sez.XVII-Sentenza-691-del-3_2_2025.pdf,.pdf,39774,0ae7515f85fd,duplicate,0,Memorie passate + template/CUP_SENTENZE/CGT2G-Lazio-Sez.XVII-Sentenza-691-del-3_2_2025.pdf,
giurisprudenza-normativa-generale/CGT2G-Torino-Sez.I-Sentenza-178-del-24_4_2023.pdf,.pdf,91243,3d78ac2a917a,duplicate,0,Memorie passate + template/CUP_SENTENZE/CGT2G-Torino-Sez.I-Sentenza-178-del-24_4_2023.pdf,
giurisprudenza-normativa-generale/CGT2G-sez.VII-Sentenza-1009-del-13_2_2024-Roma-.pdf,.pdf,173575,8a74fbd101cf,duplicate,0,Memorie passate + template/CUP_SENTENZE/CGT2G-sez.VII-Sentenza-1009-del-13_2_2024-Roma-.pdf,
giurisprudenza-normativa-generale/COMMENTI SU COMMI CANONI PATRIMONIALI.docx,.docx,13445,573d5ba189dc,duplicate,0,Memorie passate + template/CUP_ARTICOLI MERCIARI/ARTICOLI MERCIARI/COMMENTI SU COMMI CANONI PATRIMONIALI.docx,
giurisprudenza-normativa-generale/COMMENTO SENTENZA TAR PALERMO.docx,.docx,14806,7cb7bbc8f9c8,duplicate,0,Memorie passate + template/CUP_ARTICOLI MERCIARI/ARTICOLI MERCIARI/COMMENTO SENTENZA TAR PALERMO.docx,
giurisprudenza-normativa-generale/CONSIGLIO DI STATO 10018_2023 COSAP VIADOTTI AUTOSTRADALI.pdf,.pdf,363605,2a0d2597cf88,duplicate,0,Memorie passate + template/CUP_SENTENZE/CONSIGLIO DI STATO 10018_2023 COSAP VIADOTTI AUTOSTRADALI.pdf,
giurisprudenza-normativa-generale/CONTRIBUTI OGGETTO DEL CONTRATTO SOLE 24 ORE.docx,.docx,17197,21d5eb4f07b6,duplicate,0,Memorie passate + template/CUP_ARTICOLI MERCIARI/ARTICOLI MERCIARI/CONTRIBUTI OGGETTO DEL CONTRATTO SOLE 24 ORE.docx,
giurisprudenza-normativa-generale/CUP - illegittime le esenzioni non previste per legge o regolamento.docx,.docx,19380,773ad0aa4663,duplicate,0,Memorie passate + template/CUP_ARTICOLI MERCIARI/ARTICOLI MERCIARI/CUP - illegittime le esenzioni non previste per legge o regolamento.docx,
"giurisprudenza-normativa-generale/CUP E SERVIZIO IDRICO_ I COMUNI VINCONO IN APPELLO, IL CANONE È DOVUTO DAL GESTORE _ TuttoCUP.pdf",.pdf,87308,ca100a6b9019,converted,3921,,
giurisprudenza-normativa-generale/CUP ancora incertezze sul giudice competente.docx,.docx,15904,9d8a89ad8d35,duplicate,0,Memorie passate + template/CUP_ARTICOLI MERCIARI/ARTICOLI MERCIARI/CUP ancora incertezze sul giudice competente.docx,
giurisprudenza-normativa-generale/CUP_ Natura Tributaria e Implicazioni per l_Accertamento e le Sanzioni _ TuttoCUP.pdf,.pdf,60052,1afe6cce4c3f,converted,3056,,
giurisprudenza-normativa-generale/Canone Unico e servizi di rete telefonica_ la Cassazione scrive la parola fine all_incertezza. Pagano tutti gli operatori con recuperi a favore di Comuni e Province stimati in almeno 180 milioni _ TuttoCUP.pdf,.pdf,88042,db7915f0ac9c,converted,13159,,
giurisprudenza-normativa-generale/Canone-unico-patrimoniale-Le-conseguenze di una vigilanza sul territorio non basata su verbale redatto da pu.pdf,.pdf,98763,9c5e33f40b26,converted,4140,,
giurisprudenza-normativa-generale/Canoni e corrispettivi a confronto per gli impianti di proprietà comunale e quelli privati.docx,.docx,17354,0948354643a8,duplicate,0,Memorie passate + template/CUP_ARTICOLI MERCIARI/ARTICOLI MERCIARI/Canoni e corrispettivi a confronto per gli impianti di proprietà comunale e quelli privati.docx,
giurisprudenza-normativa-generale/Cassazione – Sez. Civile V – Ordinanza 1164 del 20 1 2026.pdf,.pdf,131390,91216ce4bed2,duplicate,0,Memorie passate + template/CUP_SENTENZE/Cassazione – Sez. Civile V – Ordinanza 1164 del 20 1 2026.pdf,
giurisprudenza-normativa-generale/Cassazione-Civile-Ord.-Sez.-5-Num.-2164-del-22012024 VIADOTTI.pdf,.pdf,143510,1a7edbca49dc,duplicate,0,Memorie passate + template/CUP_SENTENZE/Cassazione-Civile-Ord.-Sez.-5-Num.-2164-del-22012024 VIADOTTI.pdf,
giurisprudenza-normativa-generale/Cassazione-Sez-I-Ordinanza-9880-del-13042023.pdf,.pdf,181980,13961acb149f,duplicate,0,Memorie passate + template/CUP_SENTENZE/Cassazione-Sez-I-Ordinanza-9880-del-13042023.pdf,
giurisprudenza-normativa-generale/Cassazione-Sez.V-Sentenza-19017-del-5_7_2023.pdf,.pdf,254214,aea12a07fab8,duplicate,0,Memorie passate + template/CUP_SENTENZE/Cassazione-Sez.V-Sentenza-19017-del-5_7_2023.pdf,
giurisprudenza-normativa-generale/CdA Milano Sez. III Sentenza del 5122022 n. 3638.pdf,.pdf,90702,c818231fdbc3,duplicate,0,Memorie passate + template/CUP_SENTENZE/CdA Milano Sez. III Sentenza del 5122022 n. 3638.pdf,
giurisprudenza-normativa-generale/Che fine ha fatto la TARI giornaliera storicamente applicata agli ambulanti del mercato .docx,.docx,16628,2493ab7c00a6,duplicate,0,Memorie passate + template/CUP_ARTICOLI MERCIARI/ARTICOLI MERCIARI/Che fine ha fatto la TARI giornaliera storicamente applicata agli ambulanti del mercato .docx,
giurisprudenza-normativa-generale/Chi è competente a rilasciare le autorizzazioni la cui mancanza determina la procedura di rimozione di impianti pubblicitari abusivi_ _ TuttoCUP.pdf,.pdf,35096,7016f569fe5f,converted,310,,
giurisprudenza-normativa-generale/Chi vigila sul rispetto delle norme stradali e fiscali in materia di CUP_ _ TuttoCUP.pdf,.pdf,34295,691f4f1f8a34,converted,348,,
giurisprudenza-normativa-generale/Civile-Ord.-Sez.-1-Sentenza-Num.-17182-del-26_6_2025.pdf,.pdf,156971,3f2ab911242c,duplicate,0,Memorie passate + template/CUP_SENTENZE/Civile-Ord.-Sez.-1-Sentenza-Num.-17182-del-26_6_2025.pdf,
giurisprudenza-normativa-generale/Civile-Ord.-Sez.-5-Num.-2184-Anno-2020.pdf,.pdf,155341,a2b08f7c30de,duplicate,0,Memorie passate + template/CUP_SENTENZE/Civile-Ord.-Sez.-5-Num.-2184-Anno-2020.pdf,
giurisprudenza-normativa-generale/Civile-Ord.-Sez.-5-Num.-6029-Anno-2024-del-6_3_2024.pdf,.pdf,123962,9991a92761ea,duplicate,0,Memorie passate + template/CUP_SENTENZE/Civile-Ord.-Sez.-5-Num.-6029-Anno-2024-del-6_3_2024.pdf,
giurisprudenza-normativa-generale/Civile-Sent.-Sez.-5-Num.-27497-Anno-2014.pdf,.pdf,634306,6697aa129967,duplicate,0,Memorie passate + template/CUP_SENTENZE/Civile-Sent.-Sez.-5-Num.-27497-Anno-2014.pdf,
giurisprudenza-normativa-generale/Com_.-trib.-prov.-Sardegna-Nuoro-Sez.-I-Sent.-16022024-n.-37.pdf,.pdf,83939,3296d0f3551f,duplicate,0,Memorie passate + template/CUP_SENTENZE/Com_.-trib.-prov.-Sardegna-Nuoro-Sez.-I-Sent.-16022024-n.-37.pdf,
"giurisprudenza-normativa-generale/Come calcolare il CUP per lavori di scavo a sviluppo progressivo quando l’azienda richiedente, come Enel, non ne indica la progressività, ad esempio per una concessione di 200 metri lineari e 30 giorni_ _ TuttoCUP.pdf",.pdf,57129,865a2a7bbe4d,converted,1667,,
giurisprudenza-normativa-generale/Come calcolare il CUP per le iniziative pubblicitarie in occasione dei saldi estivi.docx,.docx,17851,4bb379060611,duplicate,0,Memorie passate + template/CUP_ARTICOLI MERCIARI/ARTICOLI MERCIARI/Come calcolare il CUP per le iniziative pubblicitarie in occasione dei saldi estivi.docx,
giurisprudenza-normativa-generale/Come calcolare il CUP per le iniziative pubblicitarie in occasione dei saldi estivi.pdf,.pdf,97215,99a62d848284,converted,6624,,
giurisprudenza-normativa-generale/Come cambia il CUP per i servizi di telefonia dopo la vendita della rete da parte di TIM.docx,.docx,18679,b56dd94428e0,duplicate,0,Memorie passate + template/CUP_ARTICOLI MERCIARI/ARTICOLI MERCIARI/Come cambia il CUP per i servizi di telefonia dopo la vendita della rete da parte di TIM.docx,
giurisprudenza-normativa-generale/Come deve essere calcolata la componente riferita alla gestione dei rifiuti all’interno del Canone Mercatale_ _ TuttoCUP.pdf,.pdf,58238,06f25183a485,converted,956,,
giurisprudenza-normativa-generale/Come gestire la novità della SCIA per l_installazione dei mezzi pubblicitari _ TuttoCUP.pdf,.pdf,73811,fe28632bed02,converted,3951,,
giurisprudenza-normativa-generale/Come organizzare un Piano generale degli Impianti Pubblicitari e gestirne gli effetti sul territorio.docx,.docx,18424,63ae9f9651d9,duplicate,0,Memorie passate + template/CUP_ARTICOLI MERCIARI/ARTICOLI MERCIARI/Come organizzare un Piano generale degli Impianti Pubblicitari e gestirne gli effetti sul territorio.docx,
giurisprudenza-normativa-generale/Commento Sentenza di Corte di Cassazione Civile Ord. Sez. 1 Num. 17184 Anno 2025.docx,.docx,14422,63a79cb053a6,duplicate,0,Memorie passate + template/CUP_ARTICOLI MERCIARI/ARTICOLI MERCIARI/Commento Sentenza di Corte di Cassazione Civile Ord. Sez. 1 Num. 17184 Anno 2025.docx,
giurisprudenza-normativa-generale/Commi 816-836 _ TuttoCUP.pdf,.pdf,85185,ae104bff9043,converted,19563,,
giurisprudenza-normativa-generale/Commi 837-845 _ TuttoCUP.pdf,.pdf,58163,ff403345ab2b,converted,3755,,
giurisprudenza-normativa-generale/Commi 846-847 _ TuttoCUP.pdf,.pdf,43263,6022b533c4db,converted,1481,,
giurisprudenza-normativa-generale/Compagnie telefoniche_ qual è la questione affrontata dalla sentenza del Tribunale di Piacenza n. 350_2025_ _ TuttoCUP.pdf,.pdf,45529,38186caee5f8,converted,455,,
giurisprudenza-normativa-generale/Con il Decreto Legge n. 19 2026 cambiano le procedure per l’installazione dei mezzi pubblicitari.docx,.docx,20337,ad46849479fd,duplicate,0,Memorie passate + template/CUP_ARTICOLI MERCIARI/ARTICOLI MERCIARI/Con il Decreto Legge n. 19 2026 cambiano le procedure per l’installazione dei mezzi pubblicitari.docx,
giurisprudenza-normativa-generale/Consiglio di Stato - Parere 1151 del 17_8_2023.pdf,.pdf,334663,69ee4d239e6d,duplicate,0,Memorie passate + template/CUP_SENTENZE/Consiglio di Stato - Parere 1151 del 17_8_2023.pdf,
giurisprudenza-normativa-generale/Consiglio-di-Stato-Sez.II-Sentenza-6666-del-23_7_2024.pdf,.pdf,420073,19c433a0ecfa,duplicate,0,Memorie passate + template/CUP_SENTENZE/Consiglio-di-Stato-Sez.II-Sentenza-6666-del-23_7_2024.pdf,
giurisprudenza-normativa-generale/Consiglio-di-Stato-Sez.V-Sentenza-4427-del-17_5_2024.pdf,.pdf,309335,80b96f607a93,duplicate,0,Memorie passate + template/CUP_SENTENZE/Consiglio-di-Stato-Sez.V-Sentenza-4427-del-17_5_2024.pdf,
giurisprudenza-normativa-generale/Consiglio-di-Stato-Sez.V-Sentenza-8190-del-22-10-2025.pdf,.pdf,3967747,c17893b50c20,duplicate,0,Memorie passate + template/CUP_SENTENZE/Consiglio-di-Stato-Sez.V-Sentenza-8190-del-22-10-2025.pdf,
giurisprudenza-normativa-generale/Consiglio-di-Stato-Sez.VII-Sentenza-8846-del-10102023.pdf,.pdf,333510,4ad7610b6015,duplicate,0,Memorie passate + template/CUP_SENTENZE/Consiglio-di-Stato-Sez.VII-Sentenza-8846-del-10102023.pdf,
giurisprudenza-normativa-generale/Consiglio_di_Stato_3375_2022.pdf,.pdf,307985,45421292cb91,duplicate,0,Memorie passate + template/CUP_SENTENZE/Consiglio_di_Stato_3375_2022.pdf,
giurisprudenza-normativa-generale/Contenzioso CUP con le società di telefonia _ TuttoCUP.pdf,.pdf,64015,9b8468297ea9,converted,5768,,
giurisprudenza-normativa-generale/Contratto_collaborazione_Alesssandro Merciari_2025.docx,.docx,93883,9aaa3a47cf51,duplicate,0,Memorie passate + template/CUP_ARTICOLI MERCIARI/ARTICOLI MERCIARI/Contratto_collaborazione_Alesssandro Merciari_2025.docx,
giurisprudenza-normativa-generale/Corretto criterio di misurazione delle insegna postali - sentenza n. 611 del 22_06_2023 la Corte di Giustizia Regionale del Veneto _ TuttoCUP.pdf,.pdf,70556,a731649cfd33,converted,1913,,
giurisprudenza-normativa-generale/Corretto l’avviso di accertamento CUP basato su un verbale Polizia Municipale..docx,.docx,15766,8d89fb7420e0,duplicate,0,Memorie passate + template/CUP_ARTICOLI MERCIARI/ARTICOLI MERCIARI/Corretto l’avviso di accertamento CUP basato su un verbale Polizia Municipale..docx,
giurisprudenza-normativa-generale/Corte D’Appello di Venezia – Sez. II – Sentenza 84 del 9 3 2026.pdf,.pdf,373283,a32dea7c0a5e,duplicate,0,Memorie passate + template/CONTENZIOSO_Maria_Rosa/IDRICO/Corte D’Appello di Venezia – Sez. II – Sentenza 84 del 9 3 2026.pdf,
giurisprudenza-normativa-generale/Corte di Cassazione sentenza n. 2180 del 30.01.2020. Servizio idrico integrato - acqua -fogne - due occupazioni sottosuolo pubblico _ TuttoCUP.pdf,.pdf,70031,4913f9c1f42c,converted,1025,,
giurisprudenza-normativa-generale/Corte-Conti-Puglia-Parere-deliberazione-n.-93_2023_PAR.pdf,.pdf,79719,ef35f7ff9031,duplicate,0,Memorie passate + template/CUP_SENTENZE/Corte-Conti-Puglia-Parere-deliberazione-n.-93_2023_PAR.pdf,
giurisprudenza-normativa-generale/Cosa è il CUP _ TuttoCUP.pdf,.pdf,58341,fd44d9bfdfdb,converted,2998,,
giurisprudenza-normativa-generale/Cosa prevedono gli articoli 26 e 27 CdS in materia di concessioni e autorizzazioni stradali_ _ TuttoCUP.pdf,.pdf,34736,001997d88428,converted,299,,
giurisprudenza-normativa-generale/Cosa resta del vincolo della parità di gettito nel Canone Unico Patrimoniale.docx,.docx,16242,52baf0fdd3a7,duplicate,0,Memorie passate + template/CUP_ARTICOLI MERCIARI/ARTICOLI MERCIARI/Cosa resta del vincolo della parità di gettito nel Canone Unico Patrimoniale.docx,
giurisprudenza-normativa-generale/Cosa stabilisce l’articolo 20 del Codice della Strada sulle occupazioni di suolo pubblico _ TuttoCUP.pdf,.pdf,34204,f89f14e04549,converted,320,,
giurisprudenza-normativa-generale/Cosa stabilisce l’articolo 23 CdS sulla pubblicità stradale_ _ TuttoCUP.pdf,.pdf,33262,32bd1a06b17e,converted,235,,
giurisprudenza-normativa-generale/Cosa succede con  l_affrancazione dal pagamento di un passo carrabile.docx,.docx,18471,ff04ad701f13,duplicate,0,Memorie passate + template/CUP_ARTICOLI MERCIARI/ARTICOLI MERCIARI/Cosa succede con  l_affrancazione dal pagamento di un passo carrabile.docx,
giurisprudenza-normativa-generale/DELIBERA ADEUAMENTO ISTAT TARIFFE CUP.docx,.docx,21153,41dee20f251f,duplicate,0,Memorie passate + template/CUP_ARTICOLI MERCIARI/ARTICOLI MERCIARI/DELIBERA ADEUAMENTO ISTAT TARIFFE CUP.docx,
giurisprudenza-normativa-generale/DICATIO AD PATRIAM.docx,.docx,19893,1d3868853887,duplicate,0,Memorie passate + template/CUP_ARTICOLI MERCIARI/ARTICOLI MERCIARI/DICATIO AD PATRIAM.docx,
giurisprudenza-normativa-generale/DIFFIDA RIMOZIONE IMPIANTO PUBBLICITARIO ABUSIVO.doc,.doc,42496,50730ae248cb,duplicate,0,Memorie passate + template/CUP_ARTICOLI MERCIARI/ARTICOLI MERCIARI/DIFFIDA RIMOZIONE IMPIANTO PUBBLICITARIO ABUSIVO.doc,
giurisprudenza-normativa-generale/DIVIETO DI DISPORRE ESENZIONI NON DEFINITE NEL REGOLAMENTO COMUNALE.docx,.docx,15740,d6ef736d57bf,duplicate,0,Memorie passate + template/CUP_ARTICOLI MERCIARI/ARTICOLI MERCIARI/DIVIETO DI DISPORRE ESENZIONI NON DEFINITE NEL REGOLAMENTO COMUNALE.docx,
giurisprudenza-normativa-generale/Divieto di disporre esenzioni non definite nel Regolamento Comunale - Parere della Corte dei Conti Puglia n. 93_2023 del 31 maggio 2023 _ TuttoCUP.pdf,.pdf,62414,754558ca541f,converted,1558,,
giurisprudenza-normativa-generale/ECLI_IT_CONT_2024_162SRCLIG-PAR.pdf,.pdf,298064,f4726b9856d3,duplicate,0,Memorie passate + template/CUP_SENTENZE/ECLI_IT_CONT_2024_162SRCLIG-PAR.pdf,
giurisprudenza-normativa-generale/ECLI_IT_CONT_2024_56SRCPUG-PAR.pdf,.pdf,178064,aece87c32c98,duplicate,0,Memorie passate + template/CUP_SENTENZE/ECLI_IT_CONT_2024_56SRCPUG-PAR.pdf,
giurisprudenza-normativa-generale/ECLI_IT_CONT_2024_80SRCPIE-PAR.pdf,.pdf,375297,dd09becac54b,duplicate,0,Memorie passate + template/CUP_SENTENZE/ECLI_IT_CONT_2024_80SRCPIE-PAR.pdf,
giurisprudenza-normativa-generale/Esente CUP la pubblicità realizzata dalle ASD .docx,.docx,17465,9383c914f422,duplicate,0,Memorie passate + template/CUP_ARTICOLI MERCIARI/ARTICOLI MERCIARI/Esente CUP la pubblicità realizzata dalle ASD .docx,
giurisprudenza-normativa-generale/Esposizioni pubblicitarie  su strade statali.docx,.docx,18852,4d65ee79e5f6,duplicate,0,Memorie passate + template/CUP_ARTICOLI MERCIARI/ARTICOLI MERCIARI/Esposizioni pubblicitarie  su strade statali.docx,
giurisprudenza-normativa-generale/È possibile emettere accertamento per abusivismo anche senza un verbale redatto da Pubblico Ufficiale _ TuttoCUP.pdf,.pdf,62307,74848d04482e,converted,2220,,
giurisprudenza-normativa-generale/È possibile emettere accertamento per abusivismo senza un verbale redatto da Pubblico Ufficiale_ _ TuttoCUP.pdf,.pdf,35170,320d82b8c6c4,converted,728,,
giurisprudenza-normativa-generale/Gestione del CUP per gli spuntisti nel mercato domenicale _ TuttoCUP.pdf,.pdf,46927,4e3ea2402a30,converted,1391,,
giurisprudenza-normativa-generale/Giudice-Di-Pace-Padova-Sentenza-del-1112024.pdf,.pdf,234920,b89aa7dc5bf0,duplicate,0,Memorie passate + template/CUP_SENTENZE/Giudice-Di-Pace-Padova-Sentenza-del-1112024.pdf,
giurisprudenza-normativa-generale/Giudice-di-Pace-Belluno-Sentenza-del-04_04_24.pdf,.pdf,219471,9d963bd7d237,duplicate,0,Memorie passate + template/CUP_SENTENZE/Giudice-di-Pace-Belluno-Sentenza-del-04_04_24.pdf,
giurisprudenza-normativa-generale/Giudice-di-Pace-di-Belluno-Sentenza-del-31_8_2024.pdf,.pdf,219712,9a866d7a3b98,duplicate,0,Memorie passate + template/CUP_SENTENZE/Giudice-di-Pace-di-Belluno-Sentenza-del-31_8_2024.pdf,
giurisprudenza-normativa-generale/Gli impianti pubblicitari su strada provinciale pagano due volte il CUP.docx,.docx,17539,00f98750a733,duplicate,0,Memorie passate + template/CUP_ARTICOLI MERCIARI/ARTICOLI MERCIARI/Gli impianti pubblicitari su strada provinciale pagano due volte il CUP.docx,
giurisprudenza-normativa-generale/I DATI SULLE UTENZE DEI SERVIZI LUCE E GAS.docx,.docx,0,e3b0c44298fc,duplicate,0,Memorie passate + template/CONTENZIOSO_Maria_Rosa/TELEFONIA/AGCOM RELAZIONE ANNUALE 2024.pdf,
giurisprudenza-normativa-generale/I PASSI CARRABILI A RASO NELLA DISCIPLINA CUP.docx,.docx,19856,9af08692e9b3,duplicate,0,Memorie passate + template/CUP_ARTICOLI MERCIARI/ARTICOLI MERCIARI/I PASSI CARRABILI A RASO NELLA DISCIPLINA CUP.docx,
giurisprudenza-normativa-generale/I dati dell_oservatorio AGCOM sulla telefonia.docx,.docx,15409,c6bca153acd2,duplicate,0,Memorie passate + template/CUP_ARTICOLI MERCIARI/ARTICOLI MERCIARI/I dati dell_oservatorio AGCOM sulla telefonia.docx,
giurisprudenza-normativa-generale/I servizi di rete erogati nel contesto del sistema idrico integrato.docx,.docx,17972,128355cdfa03,duplicate,0,Memorie passate + template/CUP_ARTICOLI MERCIARI/ARTICOLI MERCIARI/I servizi di rete erogati nel contesto del sistema idrico integrato.docx,
giurisprudenza-normativa-generale/IL BARICENTRO DEL CUP.docx,.docx,17117,c38b6bf65a53,duplicate,0,Memorie passate + template/CUP_ARTICOLI MERCIARI/ARTICOLI MERCIARI/IL BARICENTRO DEL CUP.docx,
giurisprudenza-normativa-generale/IL CANONE UNICO PATRIMONIALE COMPIE DUE ANNI.docx,.docx,18980,d146273061a7,duplicate,0,Memorie passate + template/CUP_ARTICOLI MERCIARI/ARTICOLI MERCIARI/IL CANONE UNICO PATRIMONIALE COMPIE DUE ANNI.docx,
giurisprudenza-normativa-generale/IL CASO DELLE INSEGNE DEGLI UFFICI POSTALI.docx,.docx,16555,ec838e84fd59,duplicate,0,Memorie passate + template/CUP_ARTICOLI MERCIARI/ARTICOLI MERCIARI/IL CASO DELLE INSEGNE DEGLI UFFICI POSTALI.docx,
giurisprudenza-normativa-generale/IL CODICE DELLA STRADA E IL CANONE UNICO. DISCIPLINE PARALLELE MAI ALTERNATIVE.docx,.docx,31481,6711eff10a45,duplicate,0,Memorie passate + template/CUP_ARTICOLI MERCIARI/ARTICOLI MERCIARI/IL CODICE DELLA STRADA E IL CANONE UNICO. DISCIPLINE PARALLELE MAI ALTERNATIVE.docx,
giurisprudenza-normativa-generale/IL COMMA 583 LEGGE FINANZIARIA 2026.docx,.docx,17218,48f2de317e5f,duplicate,0,Memorie passate + template/CUP_ARTICOLI MERCIARI/ARTICOLI MERCIARI/IL COMMA 583 LEGGE FINANZIARIA 2026.docx,
giurisprudenza-normativa-generale/IL CONTROLLO SUI PAGAMENTI CUP DEI SERVIZI DI RETE.docx,.docx,23707,e344d3916d99,duplicate,0,Memorie passate + template/CUP_ARTICOLI MERCIARI/ARTICOLI MERCIARI/IL CONTROLLO SUI PAGAMENTI CUP DEI SERVIZI DI RETE.docx,
giurisprudenza-normativa-generale/IL CUP CHE VORREI.docx,.docx,37231,a9e44a43b1d8,duplicate,0,Memorie passate + template/CUP_ARTICOLI MERCIARI/ARTICOLI MERCIARI/IL CUP CHE VORREI.docx,
giurisprudenza-normativa-generale/IL CUP PER LE AZIENDE DI PRODUZIONE ENERGIA ELETTRICA.docx,.docx,15734,fc2d923e1a20,duplicate,0,Memorie passate + template/CUP_ARTICOLI MERCIARI/ARTICOLI MERCIARI/IL CUP PER LE AZIENDE DI PRODUZIONE ENERGIA ELETTRICA.docx,
giurisprudenza-normativa-generale/IL FERMO AMMINISTRATIVO.docx,.docx,13248,4fbfaa42939f,duplicate,0,Memorie passate + template/CUP_ARTICOLI MERCIARI/ARTICOLI MERCIARI/IL FERMO AMMINISTRATIVO.docx,
giurisprudenza-normativa-generale/IL RAVVEDIMENTO OPEROSO NEL CUP.docx,.docx,16827,baf0adf6bb53,duplicate,0,Memorie passate + template/CUP_ARTICOLI MERCIARI/ARTICOLI MERCIARI/IL RAVVEDIMENTO OPEROSO NEL CUP.docx,
giurisprudenza-normativa-generale/IL SILENZIO ASSENSO NEL RILASCIO DI CONCESSIONI E AUTORIZZAZIONI SOGGETTE A CUP.docx,.docx,24304,a6153bcf06a3,duplicate,0,Memorie passate + template/CUP_ARTICOLI MERCIARI/ARTICOLI MERCIARI/IL SILENZIO ASSENSO NEL RILASCIO DI CONCESSIONI E AUTORIZZAZIONI SOGGETTE A CUP.docx,
giurisprudenza-normativa-generale/Il CUP è dovuto anche per le infrastrutture posate sulle strade consortili_ _ TuttoCUP.pdf,.pdf,50302,e3e56223403c,converted,1211,,
giurisprudenza-normativa-generale/Il CUP per il servizio idrico è dovuto anche dalla società in house del Comune.docx,.docx,19232,320a37e1f39f,duplicate,0,Memorie passate + template/CUP_ARTICOLI MERCIARI/ARTICOLI MERCIARI/Il CUP per il servizio idrico è dovuto anche dalla società in house del Comune.docx,
giurisprudenza-normativa-generale/Il CUP per il servizio idrico si paga per due distinte reti acqua potabile e fognatura.docx,.docx,16959,d2f3622342eb,duplicate,0,Memorie passate + template/CUP_ARTICOLI MERCIARI/ARTICOLI MERCIARI/Il CUP per il servizio idrico si paga per due distinte reti acqua potabile e fognatura.docx,
giurisprudenza-normativa-generale/Il Canone Unico Patrimoniale (CUP) è un tributo _ TuttoCUP.pdf,.pdf,73085,b421bc4d959f,converted,6687,,
giurisprudenza-normativa-generale/Il Canone per i servizi di rete alla scadenza - Copia.docx,.docx,17047,13d30b524fa0,duplicate,0,Memorie passate + template/CUP_ARTICOLI MERCIARI/ARTICOLI MERCIARI/Il Canone per i servizi di rete alla scadenza - Copia.docx,
giurisprudenza-normativa-generale/Il Canone per i servizi di rete alla scadenza.docx,.docx,17047,13d30b524fa0,duplicate,0,Memorie passate + template/CUP_ARTICOLI MERCIARI/ARTICOLI MERCIARI/Il Canone per i servizi di rete alla scadenza - Copia.docx,
giurisprudenza-normativa-generale/Il Canone per i servizi di rete telefonica nel caos.docx,.docx,17777,9707b0dfbe24,duplicate,0,Memorie passate + template/CUP_ARTICOLI MERCIARI/ARTICOLI MERCIARI/Il Canone per i servizi di rete telefonica nel caos.docx,
giurisprudenza-normativa-generale/Il Canone sulle occupazioni realizzate dalle compagnie telefoniche finalmente ad un bivio.docx,.docx,36140,68443769c83a,duplicate,0,Memorie passate + template/CUP_ARTICOLI MERCIARI/ARTICOLI MERCIARI/Il Canone sulle occupazioni realizzate dalle compagnie telefoniche finalmente ad un bivio.docx,
giurisprudenza-normativa-generale/Il Consiglio di Stato condanna il Comune a pagare i danni per il ritardo nel rilascio dell’autorizzazione pubblicitaria.docx,.docx,16109,94edffc4c4d4,duplicate,0,Memorie passate + template/CUP_ARTICOLI MERCIARI/ARTICOLI MERCIARI/Il Consiglio di Stato condanna il Comune a pagare i danni per il ritardo nel rilascio dell’autorizzazione pubblicitaria.docx,
giurisprudenza-normativa-generale/Il Consiglio di Stato esclude il silenzio assenso nelle concessioni per l’occupazione del suolo pubblico.docx,.docx,17296,6fa6eab11751,duplicate,0,Memorie passate + template/CUP_ARTICOLI MERCIARI/ARTICOLI MERCIARI/Il Consiglio di Stato esclude il silenzio assenso nelle concessioni per l’occupazione del suolo pubblico.docx,
giurisprudenza-normativa-generale/Il Contraddittorio preventivo nel CUP _ TuttoCUP.pdf,.pdf,62036,c7de7d83be5f,converted,3800,,
"giurisprudenza-normativa-generale/Il Piano Generale degli Impianti Pubblicitari tra ritardi, opportunità e contenziosi.docx",.docx,17980,7454a41637a0,duplicate,0,"Memorie passate + template/CUP_ARTICOLI MERCIARI/ARTICOLI MERCIARI/Il Piano Generale degli Impianti Pubblicitari tra ritardi, opportunità e contenziosi.docx",
giurisprudenza-normativa-generale/Il Piano della Massima Occupabilità (PMO) Un’opportunità da cogliere per i Comuni.docx,.docx,18458,b60aaa0a4a3f,duplicate,0,Memorie passate + template/CUP_ARTICOLI MERCIARI/ARTICOLI MERCIARI/Il Piano della Massima Occupabilità (PMO) Un’opportunità da cogliere per i Comuni.docx,
giurisprudenza-normativa-generale/Il Pubblico Ufficiale nel Canone Unico.docx,.docx,22015,8eb3e0c10efa,duplicate,0,Memorie passate + template/CUP_ARTICOLI MERCIARI/ARTICOLI MERCIARI/Il Pubblico Ufficiale nel Canone Unico.docx,
giurisprudenza-normativa-generale/Il TAR del Lazio conferma le tariffe adottate dal Comune è onere del ricorrente provarne l’illegittimità.docx,.docx,22944,266cea157b76,duplicate,0,Memorie passate + template/CUP_ARTICOLI MERCIARI/ARTICOLI MERCIARI/Il TAR del Lazio conferma le tariffe adottate dal Comune è onere del ricorrente provarne l’illegittimità.docx,
giurisprudenza-normativa-generale/Il calcolo dell’indennità a seguito di verbale di accertamento. La presunzione iuris et de iure.docx,.docx,17163,5e3876bcbf6d,duplicate,0,Memorie passate + template/CUP_ARTICOLI MERCIARI/ARTICOLI MERCIARI/Il calcolo dell’indennità a seguito di verbale di accertamento. La presunzione iuris et de iure.docx,
giurisprudenza-normativa-generale/Il canone mercatale non si applica a fiere e sagre.docx,.docx,13904,2eed6bbadde9,duplicate,0,Memorie passate + template/CUP_ARTICOLI MERCIARI/ARTICOLI MERCIARI/Il canone mercatale non si applica a fiere e sagre.docx,
"giurisprudenza-normativa-generale/Il canone mercatale trova applicazione solo nei mercati, non si applica a fiere e sagre _ TuttoCUP.pdf",.pdf,68053,98a7951bd0cb,converted,4559,,
giurisprudenza-normativa-generale/Il canone per i servizi di rete in autoliquidazione. Pagamento in unica soluzione attraverso la piattaforma PagoPA.docx,.docx,20253,81e35005e7d2,duplicate,0,Memorie passate + template/CUP_ARTICOLI MERCIARI/ARTICOLI MERCIARI/Il canone per i servizi di rete in autoliquidazione. Pagamento in unica soluzione attraverso la piattaforma PagoPA.docx,
giurisprudenza-normativa-generale/Il canone per i servizi di rete si applica a tutti gli operatori telefonici - Tribunale di Treviso - Sentenza n. 240_2025 pubbl. il 20_02_2025 _ TuttoCUP.pdf,.pdf,63297,68c2c0125c6f,converted,1715,,
giurisprudenza-normativa-generale/Il canone per i servizi di rete si applica a tutti gli operatori telefonici _ TuttoCUP.pdf,.pdf,42166,c7c4f1e9f0c8,converted,640,,
giurisprudenza-normativa-generale/Il caso della pubblicità esposta sui Camion Vela.docx,.docx,17569,b992f031e700,duplicate,0,Memorie passate + template/CUP_ARTICOLI MERCIARI/ARTICOLI MERCIARI/Il caso della pubblicità esposta sui Camion Vela.docx,
giurisprudenza-normativa-generale/Il comma 666 della Legge Finanziaria 2025 - proroga esenzione sisma.docx,.docx,16353,91bd5d5629aa,duplicate,0,Memorie passate + template/CUP_ARTICOLI MERCIARI/ARTICOLI MERCIARI/Il comma 666 della Legge Finanziaria 2025 - proroga esenzione sisma.docx,
giurisprudenza-normativa-generale/Il corretto calcolo del CUP per i camion vela accertati in sosta prolungata.docx,.docx,18498,f26cdcd71233,duplicate,0,Memorie passate + template/CUP_ARTICOLI MERCIARI/ARTICOLI MERCIARI/Il corretto calcolo del CUP per i camion vela accertati in sosta prolungata.docx,
giurisprudenza-normativa-generale/Il diniego all’autorizzazione per l’installazione di mezzi pubblicitari è illegittimo senza Piano Generale delle Entrate.docx,.docx,17932,99174486919c,duplicate,0,Memorie passate + template/CUP_ARTICOLI MERCIARI/ARTICOLI MERCIARI/Il diniego all’autorizzazione per l’installazione di mezzi pubblicitari è illegittimo senza Piano Generale delle Entrate.docx,
giurisprudenza-normativa-generale/Il gestore del servizio idrico deve versare il CUP ai Comuni e alle Province.docx,.docx,22030,4cf6c726c71b,duplicate,0,Memorie passate + template/CUP_ARTICOLI MERCIARI/ARTICOLI MERCIARI/Il gestore del servizio idrico deve versare il CUP ai Comuni e alle Province.docx,
giurisprudenza-normativa-generale/Il pagamento del CUP elimina la sanzione per pubblicità abusiva su strada_ _ TuttoCUP.pdf,.pdf,34148,91568240247b,converted,216,,
giurisprudenza-normativa-generale/Il pagamento del Canone Unico estingue la sanzione prevista dal CdS per occupazione abusiva_ _ TuttoCUP.pdf,.pdf,35132,3bb63ef33818,converted,257,,
giurisprudenza-normativa-generale/Il pignoramento dei crediti verso terzi.docx,.docx,21713,8fc53b1010f4,duplicate,0,Memorie passate + template/CUP_ARTICOLI MERCIARI/ARTICOLI MERCIARI/Il pignoramento dei crediti verso terzi.docx,
giurisprudenza-normativa-generale/Il pignoramento di fitti e pigioni.docx,.docx,18576,9842e21b883d,duplicate,0,Memorie passate + template/CUP_ARTICOLI MERCIARI/ARTICOLI MERCIARI/Il pignoramento di fitti e pigioni.docx,
giurisprudenza-normativa-generale/Il prelievo per le occupazioni di suolo pubblico non può essere oggetto di trattativa privata - Sentenza di Corte di Cassazione Civile Ord. Sez. 1 Num. 17184 Anno 2025 _ TuttoCUP.pdf,.pdf,67037,92419717c75b,converted,1738,,
giurisprudenza-normativa-generale/Il prelievo per le occupazioni di suolo pubblico non può essere oggetto di trattativa privata _ TuttoCUP.pdf,.pdf,55183,0389408e8ec2,converted,505,,
giurisprudenza-normativa-generale/Il primo Luglio 2024 TIM ha venduto la rete telefonica. Ecco cosa cambia nel pagamento del Canone Unico.docx,.docx,18935,0e0886015b00,duplicate,0,Memorie passate + template/CUP_ARTICOLI MERCIARI/ARTICOLI MERCIARI/Il primo Luglio 2024 TIM ha venduto la rete telefonica. Ecco cosa cambia nel pagamento del Canone Unico.docx,
giurisprudenza-normativa-generale/Il punto G del Canone Unico.docx,.docx,16401,8dff00596e85,duplicate,0,Memorie passate + template/CUP_ARTICOLI MERCIARI/ARTICOLI MERCIARI/Il punto G del Canone Unico.docx,
giurisprudenza-normativa-generale/Il regime sanzionatorio CUP tra disciplina speciale e natura tributaria. il nodo critico dell’omesso versamento.docx,.docx,23243,3cf6dc249aaa,converted,11868,,
giurisprudenza-normativa-generale/Il regime sanzionatorio del CUP a seguito di Cass. SS.UU. n. 12225 del 1° maggio 2026 _ TuttoCUP.pdf,.pdf,65062,d15126200c66,converted,4922,,
giurisprudenza-normativa-generale/Il tema dell’invarianza di gettito CUP – le risposte del Dipartimento del MEF a Telefisco.docx,.docx,24302,81f122d287e1,duplicate,0,Memorie passate + template/CUP_ARTICOLI MERCIARI/ARTICOLI MERCIARI/Il tema dell’invarianza di gettito CUP – le risposte del Dipartimento del MEF a Telefisco.docx,
giurisprudenza-normativa-generale/Il versamento del CUP contestuale al rilascio dell’atto amministrativo.docx,.docx,16678,fa4d2420bfd1,duplicate,0,Memorie passate + template/CUP_ARTICOLI MERCIARI/ARTICOLI MERCIARI/Il versamento del CUP contestuale al rilascio dell’atto amministrativo.docx,
giurisprudenza-normativa-generale/Impianti pubblicitari abusivi - Diffida e sanzioni _ TuttoCUP.pdf,.pdf,51429,dfcd77176ee9,converted,1465,,
giurisprudenza-normativa-generale/In scadenza il canone per i servizi di rete e il canone per antenne e ripetitori.docx,.docx,19290,57e00f004e62,duplicate,0,Memorie passate + template/CUP_ARTICOLI MERCIARI/ARTICOLI MERCIARI/In scadenza il canone per i servizi di rete e il canone per antenne e ripetitori.docx,
giurisprudenza-normativa-generale/Insegne di esercizio_ la continuità grafica tra marchio e il resto della composizione _ TuttoCUP.pdf,.pdf,68906,ea3e18f61ac6,converted,4333,,
giurisprudenza-normativa-generale/Integrazione risposta al quesito.docx,.docx,2140678,40a63ceb3378,duplicate,0,Memorie passate + template/CUP_ARTICOLI MERCIARI/ARTICOLI MERCIARI/Integrazione risposta al quesito.docx,
giurisprudenza-normativa-generale/LA BOZZA DI  DECRETO DELEGA FISCALE E LE MODIFICHE ALLA DISCIPLINA CUP.docx,.docx,30119,8bf58e7c7061,duplicate,0,Memorie passate + template/CUP_ARTICOLI MERCIARI/ARTICOLI MERCIARI/LA BOZZA DI  DECRETO DELEGA FISCALE E LE MODIFICHE ALLA DISCIPLINA CUP.docx,
giurisprudenza-normativa-generale/LA BOZZA DI DECRETO PORTA MODIFICHE ANCHE ALLA DISCIPLINA CUP PARTE PRIMA.docx,.docx,17151,267f4bf03687,duplicate,0,Memorie passate + template/CUP_ARTICOLI MERCIARI/ARTICOLI MERCIARI/LA BOZZA DI DECRETO PORTA MODIFICHE ANCHE ALLA DISCIPLINA CUP PARTE PRIMA.docx,
giurisprudenza-normativa-generale/LA BOZZA DI DECRETO PORTA MODIFICHE ANCHE ALLA DISCIPLINA CUP PARTE QUARTA.docx,.docx,19495,6ae2568755c3,duplicate,0,Memorie passate + template/CUP_ARTICOLI MERCIARI/ARTICOLI MERCIARI/LA BOZZA DI DECRETO PORTA MODIFICHE ANCHE ALLA DISCIPLINA CUP PARTE QUARTA.docx,
giurisprudenza-normativa-generale/LA BOZZA DI DECRETO PORTA MODIFICHE ANCHE ALLA DISCIPLINA CUP PARTE QUINTA.docx,.docx,19611,a74f882e83c4,duplicate,0,Memorie passate + template/CUP_ARTICOLI MERCIARI/ARTICOLI MERCIARI/LA BOZZA DI DECRETO PORTA MODIFICHE ANCHE ALLA DISCIPLINA CUP PARTE QUINTA.docx,
giurisprudenza-normativa-generale/LA BOZZA DI DECRETO PORTA MODIFICHE ANCHE ALLA DISCIPLINA CUP PARTE SECONDA.docx,.docx,18267,2a2386c96a2b,duplicate,0,Memorie passate + template/CUP_ARTICOLI MERCIARI/ARTICOLI MERCIARI/LA BOZZA DI DECRETO PORTA MODIFICHE ANCHE ALLA DISCIPLINA CUP PARTE SECONDA.docx,
giurisprudenza-normativa-generale/LA BOZZA DI DECRETO PORTA MODIFICHE ANCHE ALLA DISCIPLINA CUP PARTE SESTA.docx,.docx,19775,df645537eadf,duplicate,0,Memorie passate + template/CUP_ARTICOLI MERCIARI/ARTICOLI MERCIARI/LA BOZZA DI DECRETO PORTA MODIFICHE ANCHE ALLA DISCIPLINA CUP PARTE SESTA.docx,
giurisprudenza-normativa-generale/LA BOZZA DI DECRETO PORTA MODIFICHE ANCHE ALLA DISCIPLINA CUP PARTE SETTIMA.docx,.docx,26266,7854388cc839,duplicate,0,Memorie passate + template/CUP_ARTICOLI MERCIARI/ARTICOLI MERCIARI/LA BOZZA DI DECRETO PORTA MODIFICHE ANCHE ALLA DISCIPLINA CUP PARTE SETTIMA.docx,
giurisprudenza-normativa-generale/LA BOZZA DI DECRETO PORTA MODIFICHE ANCHE ALLA DISCIPLINA CUP PARTE TERZA.docx,.docx,17421,a0e724bbc231,duplicate,0,Memorie passate + template/CUP_ARTICOLI MERCIARI/ARTICOLI MERCIARI/LA BOZZA DI DECRETO PORTA MODIFICHE ANCHE ALLA DISCIPLINA CUP PARTE TERZA.docx,
giurisprudenza-normativa-generale/LA PRESCRIZIONE DEL CANONE UNICO.docx,.docx,196998,eca7f3119a0b,duplicate,0,Memorie passate + template/CUP_ARTICOLI MERCIARI/ARTICOLI MERCIARI/LA PRESCRIZIONE DEL CANONE UNICO.docx,
giurisprudenza-normativa-generale/LA PUBBLICITA_ REALIZZATA SUI TAXI.docx,.docx,15590,8ae74d934f8a,duplicate,0,Memorie passate + template/CUP_ARTICOLI MERCIARI/ARTICOLI MERCIARI/LA PUBBLICITA_ REALIZZATA SUI TAXI.docx,
giurisprudenza-normativa-generale/LA QUALIFICA DI PUBBLICO UFFICIALE DELL_ACCERTATORE DELLE ENTRATE.docx,.docx,16328,cbbed58aa7e4,duplicate,0,Memorie passate + template/CUP_ARTICOLI MERCIARI/ARTICOLI MERCIARI/LA QUALIFICA DI PUBBLICO UFFICIALE DELL_ACCERTATORE DELLE ENTRATE.docx,
giurisprudenza-normativa-generale/LA ZONIZZAZIONE DEL TERRITORIO.docx,.docx,19201,d3b4b7584e93,duplicate,0,Memorie passate + template/CUP_ARTICOLI MERCIARI/ARTICOLI MERCIARI/LA ZONIZZAZIONE DEL TERRITORIO.docx,
giurisprudenza-normativa-generale/LE SANZIONI DEL CUP.docx,.docx,0,e3b0c44298fc,duplicate,0,Memorie passate + template/CONTENZIOSO_Maria_Rosa/TELEFONIA/AGCOM RELAZIONE ANNUALE 2024.pdf,
giurisprudenza-normativa-generale/L_ Amministrazione Comunale può modificare discrezionalmente l_importo base del canone per i servizi di telefonia_ _ TuttoCUP.pdf,.pdf,49108,7ab626c7c281,converted,863,,
giurisprudenza-normativa-generale/L_autonomia condizionata degli enti nel definire il proprio impianto tariffario. Vietato stabilire tariffe sproporzionate _ TuttoCUP.pdf,.pdf,71922,ca0c583b7283,converted,2113,,
giurisprudenza-normativa-generale/L_autorizzazione di passo carrabile non è un optional.docx,.docx,21296,75d48c3e5e2f,duplicate,0,Memorie passate + template/CUP_ARTICOLI MERCIARI/ARTICOLI MERCIARI/L_autorizzazione di passo carrabile non è un optional.docx,
giurisprudenza-normativa-generale/L_indennità CUP va calcolata solo sulla superficie eccedente quella autorizzata.docx,.docx,16987,dac805934b80,duplicate,0,Memorie passate + template/CUP_ARTICOLI MERCIARI/ARTICOLI MERCIARI/L_indennità CUP va calcolata solo sulla superficie eccedente quella autorizzata.docx,
giurisprudenza-normativa-generale/La Cassazione condanna società Autostrade per abuso del processo.docx,.docx,14476,33b1bf3bb378,duplicate,0,Memorie passate + template/CUP_ARTICOLI MERCIARI/ARTICOLI MERCIARI/La Cassazione condanna società Autostrade per abuso del processo.docx,
giurisprudenza-normativa-generale/La Cassazione consolida l_orientamento sull_applicazione CUP ai viadotti autostradali.docx,.docx,20805,57062cbf237d,duplicate,0,Memorie passate + template/CUP_ARTICOLI MERCIARI/ARTICOLI MERCIARI/La Cassazione consolida l_orientamento sull_applicazione CUP ai viadotti autostradali.docx,
giurisprudenza-normativa-generale/La Corte d’Appello di Venezia torna sul pagamento CUP a carico del gestore del servizio idrico.docx,.docx,20643,aceda15440d1,duplicate,0,Memorie passate + template/CUP_ARTICOLI MERCIARI/ARTICOLI MERCIARI/La Corte d’Appello di Venezia torna sul pagamento CUP a carico del gestore del servizio idrico.docx,
giurisprudenza-normativa-generale/La Corte d’Appello di Venezia torna sul pagamento CUP a carico del gestore del servizio idrico.pdf,.pdf,104465,43f3fa30edb4,converted,13224,,
giurisprudenza-normativa-generale/La comunicazione elettronica non rientra nelle attribuzioni del Comune. Niente CUP su patrimonio disponibile.docx,.docx,17476,aa51b2b12084,duplicate,0,Memorie passate + template/CUP_ARTICOLI MERCIARI/ARTICOLI MERCIARI/La comunicazione elettronica non rientra nelle attribuzioni del Comune. Niente CUP su patrimonio disponibile.docx,
giurisprudenza-normativa-generale/La dicatio ad patriam quale presupposto per applicare il CUP.docx,.docx,17167,2f33433d5a30,duplicate,0,Memorie passate + template/CUP_ARTICOLI MERCIARI/ARTICOLI MERCIARI/La dicatio ad patriam quale presupposto per applicare il CUP.docx,
giurisprudenza-normativa-generale/La discrezionalità pianificatoria del Comune nella gestione degli spazi dove è consentito installare impianti pubblicitari _ TuttoCUP.pdf,.pdf,52893,1703988e02c8,converted,3471,,
giurisprudenza-normativa-generale/La durata massima delle autorizzazioni di passo carrabile.pdf,.pdf,99395,e62a0375e41a,converted,9768,,
giurisprudenza-normativa-generale/La giusta tariffa CUP per le esposizioni pubblicitarie temporanee.docx,.docx,19098,90c453f28c88,duplicate,0,Memorie passate + template/CUP_ARTICOLI MERCIARI/ARTICOLI MERCIARI/La giusta tariffa CUP per le esposizioni pubblicitarie temporanee.docx,
"giurisprudenza-normativa-generale/La giusta tariffa della componente pubblicitaria. Annuale, mensile o giornaliera.docx",.docx,16020,7dd7e120b99e,duplicate,0,"Memorie passate + template/CUP_ARTICOLI MERCIARI/ARTICOLI MERCIARI/La giusta tariffa della componente pubblicitaria. Annuale, mensile o giornaliera.docx",
giurisprudenza-normativa-generale/La procedura prevista dalla Legge 94.docx,.docx,0,e3b0c44298fc,duplicate,0,Memorie passate + template/CONTENZIOSO_Maria_Rosa/TELEFONIA/AGCOM RELAZIONE ANNUALE 2024.pdf,
giurisprudenza-normativa-generale/La pubblicità in area aeroportuale  i cartelli segnaposto degli autonoleggi.docx,.docx,16165,4a94cb315869,duplicate,0,Memorie passate + template/CUP_ARTICOLI MERCIARI/ARTICOLI MERCIARI/La pubblicità in area aeroportuale  i cartelli segnaposto degli autonoleggi.docx,
giurisprudenza-normativa-generale/La pubblicità negli autogrill autostradali paga il CUP al Comune .docx,.docx,17374,4dea50575ed7,duplicate,0,Memorie passate + template/CUP_ARTICOLI MERCIARI/ARTICOLI MERCIARI/La pubblicità negli autogrill autostradali paga il CUP al Comune .docx,
giurisprudenza-normativa-generale/La rete fognaria deve pagare il CUP.docx,.docx,14189,85a702ef4d54,duplicate,0,Memorie passate + template/CONTENZIOSO_Maria_Rosa/IDRICO/commento a sentenza Cass 2180 del 30.01.2020 - Servizio idrico integrato - acqua -fogne - due occupazioni sottosuolo pubblico.docx,
giurisprudenza-normativa-generale/La riduzione per le occupazioni ricorrenti si applica solo ai mercati settimanali.docx,.docx,15566,64b83040e1f8,duplicate,0,Memorie passate + template/CUP_ARTICOLI MERCIARI/ARTICOLI MERCIARI/La riduzione per le occupazioni ricorrenti si applica solo ai mercati settimanali.docx,
giurisprudenza-normativa-generale/La rivalutazione ISTAT della tariffa forfettaria a Euro 800.docx,.docx,15077,41e6cebd130d,duplicate,0,Memorie passate + template/CUP_ARTICOLI MERCIARI/ARTICOLI MERCIARI/La rivalutazione ISTAT della tariffa forfettaria a Euro 800.docx,
"giurisprudenza-normativa-generale/La sentenza TAR Sicilia – Catania, Sez. III, n. 2715 del 18_09_2025 _ TuttoCUP.pdf",.pdf,76979,e14d2364086f,converted,1781,,
giurisprudenza-normativa-generale/La società in house che gestisce il ciclo idrico deve pagare il CUP - Tribunale Ordinario di Rovigo sentenza del 22_11_2024 _ TuttoCUP.pdf,.pdf,68708,d62edc69458b,converted,2874,,
giurisprudenza-normativa-generale/La società in house che gestisce il ciclo idrico deve pagare il CUP _ TuttoCUP.pdf,.pdf,47962,2f4eb3cf98d6,converted,616,,
giurisprudenza-normativa-generale/La tariffa del Canone Mercatale e la sua componente TARI.docx,.docx,18026,7a231a9177bb,duplicate,0,Memorie passate + template/CUP_ARTICOLI MERCIARI/ARTICOLI MERCIARI/La tariffa del Canone Mercatale e la sua componente TARI.docx,
giurisprudenza-normativa-generale/Le Sezioni Unite della Cassazione dovranno decidere se il presupposto pubblicitario del CUP ha natura tributaria _ TuttoCUP.pdf,.pdf,80626,26926c3013ab,converted,3343,,
giurisprudenza-normativa-generale/Le conseguenza di una vigilanza sul territorio non basata su verbale redatto da pubblico ufficiale.docx,.docx,15042,464ac9d74cf5,duplicate,0,Memorie passate + template/CUP_ARTICOLI MERCIARI/ARTICOLI MERCIARI/Le conseguenza di una vigilanza sul territorio non basata su verbale redatto da pubblico ufficiale.docx,
giurisprudenza-normativa-generale/Le fasi per attuare la procedura di chiusura attività per occupazioni abusive.docx,.docx,17575,90e244632cfe,duplicate,0,Memorie passate + template/CUP_ARTICOLI MERCIARI/ARTICOLI MERCIARI/Le fasi per attuare la procedura di chiusura attività per occupazioni abusive.docx,
giurisprudenza-normativa-generale/Le manomissioni stradali del servizio idrico devono pagare CUP.docx,.docx,17570,c603f059293a,duplicate,0,Memorie passate + template/CUP_ARTICOLI MERCIARI/ARTICOLI MERCIARI/Le manomissioni stradali del servizio idrico devono pagare CUP.docx,
giurisprudenza-normativa-generale/Le novità contenute nella Legge Finanziaria 2025 in materia di CUP.docx,.docx,20258,e0c0f14b1915,duplicate,0,Memorie passate + template/CUP_ARTICOLI MERCIARI/ARTICOLI MERCIARI/Le novità contenute nella Legge Finanziaria 2025 in materia di CUP.docx,
giurisprudenza-normativa-generale/Le tariffe del Canone Unico Patrimoniale e del Canone Mercatale per l’anno 2023.docx,.docx,20807,17eb308d21e6,duplicate,0,Memorie passate + template/CUP_ARTICOLI MERCIARI/ARTICOLI MERCIARI/Le tariffe del Canone Unico Patrimoniale e del Canone Mercatale per l’anno 2023.docx,
giurisprudenza-normativa-generale/Legge Finanziaria 2025 – analisi delle modifiche alla disciplina CUP.docx,.docx,21446,edd2b3d1c560,duplicate,0,Memorie passate + template/CUP_ARTICOLI MERCIARI/ARTICOLI MERCIARI/Legge Finanziaria 2025 – analisi delle modifiche alla disciplina CUP.docx,
giurisprudenza-normativa-generale/Legittimo negare la concessione di suolo pubblico in caso di morosità del richiedente _ TuttoCUP.pdf,.pdf,62480,46ff4d01ff48,converted,2327,,
giurisprudenza-normativa-generale/Legittimo non prevedere delle esenzioni CUP in ambito locale.docx,.docx,17409,5314be2cab61,duplicate,0,Memorie passate + template/CUP_ARTICOLI MERCIARI/ARTICOLI MERCIARI/Legittimo non prevedere delle esenzioni CUP in ambito locale.docx,
"giurisprudenza-normativa-generale/L’adeguamento ISTAT delle tariffe CUP 2026 viene fissato nella misura del  1,1_.docx",.docx,16986,1980f6b9ca14,duplicate,0,"Memorie passate + template/CUP_ARTICOLI MERCIARI/ARTICOLI MERCIARI/L’adeguamento ISTAT delle tariffe CUP 2026 viene fissato nella misura del  1,1_.docx",
giurisprudenza-normativa-generale/L’aggiornamento ISTAT della tariffa del Canone Antenne.docx,.docx,16473,a2f3ae55e618,duplicate,0,Memorie passate + template/CUP_ARTICOLI MERCIARI/ARTICOLI MERCIARI/L’aggiornamento ISTAT della tariffa del Canone Antenne.docx,
giurisprudenza-normativa-generale/L’avviso di scadenza 2024.docx,.docx,15548,9cc5559c215c,duplicate,0,Memorie passate + template/CUP_ARTICOLI MERCIARI/ARTICOLI MERCIARI/L’avviso di scadenza 2024.docx,
giurisprudenza-normativa-generale/L’estensione lineare frontale dei dehor non deve essere superiore a quella detenuta dall’esercizio pubblico.docx,.docx,14714,43c42d3ef4d9,duplicate,0,Memorie passate + template/CUP_ARTICOLI MERCIARI/ARTICOLI MERCIARI/L’estensione lineare frontale dei dehor non deve essere superiore a quella detenuta dall’esercizio pubblico.docx,
giurisprudenza-normativa-generale/L’istituto del silenzio assenso “orizzontale” per il rilascio dell’autorizzazione paesaggistica.docx,.docx,19171,86dd4b24077d,duplicate,0,Memorie passate + template/CUP_ARTICOLI MERCIARI/ARTICOLI MERCIARI/L’istituto del silenzio assenso “orizzontale” per il rilascio dell’autorizzazione paesaggistica.docx,
giurisprudenza-normativa-generale/L’uso diffuso della SCIA per l’installazione dei mezzi pubblicitari.docx,.docx,18203,bcce722360e5,duplicate,0,Memorie passate + template/CUP_ARTICOLI MERCIARI/ARTICOLI MERCIARI/L’uso diffuso della SCIA per l’installazione dei mezzi pubblicitari.docx,
giurisprudenza-normativa-generale/MASTER SOLE 24 CRISTINA_ 2024 rev Alessandro.docx,.docx,23707,75d0ef1bf8d0,duplicate,0,Memorie passate + template/CUP_ARTICOLI MERCIARI/ARTICOLI MERCIARI/MASTER SOLE 24 CRISTINA_ 2024 rev Alessandro.docx,
giurisprudenza-normativa-generale/MONOGRAFIA L’attività di accertamento per le diffusioni pubblicitarie e per le occupazioni di suolo pubblico MERCIARI ALESSANDRO.docx,.docx,228785,912510bbee68,duplicate,0,Memorie passate + template/CUP_ARTICOLI MERCIARI/ARTICOLI MERCIARI/MONOGRAFIA L’attività di accertamento per le diffusioni pubblicitarie e per le occupazioni di suolo pubblico MERCIARI ALESSANDRO.docx,
giurisprudenza-normativa-generale/MONOGRAFIA L’attività di accertamento per le diffusioni pubblicitarie e per le occupazioni di suolo pubblico.docx,.docx,175108,a9b3135a3643,duplicate,0,Memorie passate + template/CUP_ARTICOLI MERCIARI/ARTICOLI MERCIARI/MONOGRAFIA L’attività di accertamento per le diffusioni pubblicitarie e per le occupazioni di suolo pubblico.docx,
giurisprudenza-normativa-generale/Modello 1 verbale di accertamento o contestazione definito in sede di rilevazione.docx,.docx,16157,1023b891596d,duplicate,0,Memorie passate + template/CUP_ARTICOLI MERCIARI/ARTICOLI MERCIARI/Modello 1 verbale di accertamento o contestazione definito in sede di rilevazione.docx,
giurisprudenza-normativa-generale/Modello 2 verbale di accertamento o contestazione completato in ufficio.docx,.docx,17890,6028ab34d138,duplicate,0,Memorie passate + template/CUP_ARTICOLI MERCIARI/ARTICOLI MERCIARI/Modello 2 verbale di accertamento o contestazione completato in ufficio.docx,
"giurisprudenza-normativa-generale/Modifica comma 817 Legge 160_2019 - DECRETO-LEGGE 30 giugno 2025, n. 95 _ TuttoCUP.pdf",.pdf,62261,b6ba90df96d2,converted,1269,,
giurisprudenza-normativa-generale/Monografia Le questioni ancora irrisolte della disciplina CUP e la mancata riorganizzazione delle procedure gestionali.docx,.docx,15398,c2faf3cda677,duplicate,0,Memorie passate + template/CUP_ARTICOLI MERCIARI/ARTICOLI MERCIARI/Monografia Le questioni ancora irrisolte della disciplina CUP e la mancata riorganizzazione delle procedure gestionali.docx,
giurisprudenza-normativa-generale/NELCAS~1.PDF,.pdf,56847,c90fd9e49444,converted,1638,,
giurisprudenza-normativa-generale/Nessuno vuole pagare il CUP per i servizi di telecomunicazione.docx,.docx,17182,f15067101597,duplicate,0,Memorie passate + template/CUP_ARTICOLI MERCIARI/ARTICOLI MERCIARI/Nessuno vuole pagare il CUP per i servizi di telecomunicazione.docx,
giurisprudenza-normativa-generale/Non è possibile chiedere il pagamento del canone per occupazioni o esposizioni senza un titolo amministrativo valido.docx,.docx,17161,a3480d4e2b85,duplicate,0,Memorie passate + template/CUP_ARTICOLI MERCIARI/ARTICOLI MERCIARI/Non è possibile chiedere il pagamento del canone per occupazioni o esposizioni senza un titolo amministrativo valido.docx,
giurisprudenza-normativa-generale/Non sono esenti i messaggi affissi sui carrelli della spesa nei supermercati.docx,.docx,16634,67fd57cafa5b,duplicate,0,Memorie passate + template/CUP_ARTICOLI MERCIARI/ARTICOLI MERCIARI/Non sono esenti i messaggi affissi sui carrelli della spesa nei supermercati.docx,
giurisprudenza-normativa-generale/Nuovo Documento di Microsoft Word.docx,.docx,0,e3b0c44298fc,duplicate,0,Memorie passate + template/CONTENZIOSO_Maria_Rosa/TELEFONIA/AGCOM RELAZIONE ANNUALE 2024.pdf,
giurisprudenza-normativa-generale/Occupazione abusiva di suolo pubblico da parte di imprese in cantiere _ TuttoCUP.pdf,.pdf,53019,5935362ed08f,converted,1358,,
giurisprudenza-normativa-generale/Occupazione del sottosuolo per i serbatoi dei distributori di carburante_ come deve essere fatto il calcolo_ _ TuttoCUP.pdf,.pdf,46696,d0cb7e24be3b,converted,1062,,
giurisprudenza-normativa-generale/Occupazione di suolo pubblico_ nessuna esenzione per le imprese che operano per conto di enti pubblici _ TuttoCUP.pdf,.pdf,62085,868ed6f3b42d,converted,1879,,
giurisprudenza-normativa-generale/Occupazioni delle società di rete_ guida pratica per i Comuni sul CUP _ TuttoCUP.pdf,.pdf,70875,893bc1b0c315,converted,920,,
giurisprudenza-normativa-generale/Occupazioni temporanee con scavi per la manutenzione e la posa delle reti.docx,.docx,15815,2c0dc01bed06,duplicate,0,Memorie passate + template/CUP_ARTICOLI MERCIARI/ARTICOLI MERCIARI/Occupazioni temporanee con scavi per la manutenzione e la posa delle reti.docx,
giurisprudenza-normativa-generale/P000000045_001000_Reg_Dehor_2024-12.12.2024_(1).pdf,.pdf,320345,6e4467a39679,duplicate,0,Memorie passate + template/CUP_SENTENZE/P000000045_001000_Reg_Dehor_2024-12.12.2024_(1).pdf,
giurisprudenza-normativa-generale/PARERE CONSIGLIO DI STATO SUL CORRETTO CANONE DA APPLICARE ALLE ANTENNE.docx,.docx,19372,fa373ebd89df,duplicate,0,Memorie passate + template/CUP_ARTICOLI MERCIARI/ARTICOLI MERCIARI/PARERE CONSIGLIO DI STATO SUL CORRETTO CANONE DA APPLICARE ALLE ANTENNE.docx,
giurisprudenza-normativa-generale/PASSOC~1.PDF,.pdf,61408,efa3227f3b73,converted,1949,,
giurisprudenza-normativa-generale/PRESENTAZIONE MONOGRAFIA L’attività di accertamento per le diffusioni pubblicitarie e per le occupazioni di suolo pubblico.docx,.docx,14330,d342437c545e,duplicate,0,Memorie passate + template/CUP_ARTICOLI MERCIARI/ARTICOLI MERCIARI/PRESENTAZIONE MONOGRAFIA L’attività di accertamento per le diffusioni pubblicitarie e per le occupazioni di suolo pubblico.docx,
giurisprudenza-normativa-generale/PROCEDURA PER RIMOZIONE IMPIANTO PUBBLICITARIO ABUSIVO.docx,.docx,28903,2a2ac6cd7286,duplicate,0,Memorie passate + template/CUP_ARTICOLI MERCIARI/ARTICOLI MERCIARI/PROCEDURA PER RIMOZIONE IMPIANTO PUBBLICITARIO ABUSIVO.docx,
"giurisprudenza-normativa-generale/Parere sulla irrogazione della sanzione amministrativa pecuniaria (art. 1, c. 821, lettera h) e L. 689_81 _ TuttoCUP.pdf",.pdf,55652,96921d146235,converted,3132,,
giurisprudenza-normativa-generale/Passi carrabili a raso - Corte di Giustizia Tributaria di Secondo Grado del Lazio-Sez.XVII Sentenza 691 del 03_02_2025 _ TuttoCUP.pdf,.pdf,92318,8cb1a34aef66,converted,3715,,
giurisprudenza-normativa-generale/Per il Dipartimento del MEF il gettito CUP sarebbe immodificabile - NT+.docx,.docx,22399,933adf5b359d,duplicate,0,Memorie passate + template/CUP_ARTICOLI MERCIARI/ARTICOLI MERCIARI/Per il Dipartimento del MEF il gettito CUP sarebbe immodificabile - NT+.docx,
giurisprudenza-normativa-generale/Per il TAR il canone mercatale non si applica a fiere e sagre.docx,.docx,17927,d118c8801b23,duplicate,0,Memorie passate + template/CUP_ARTICOLI MERCIARI/ARTICOLI MERCIARI/Per il TAR il canone mercatale non si applica a fiere e sagre.docx,
giurisprudenza-normativa-generale/Perché è strategico un approccio integrato tra sicurezza stradale e CUP_ _ TuttoCUP.pdf,.pdf,34261,3518b240aadc,converted,311,,
giurisprudenza-normativa-generale/Perché il Legislatore ha mantenuto nel comma 831 della Legge 1602019 l’ipotesi di soggettività passiva in via mediata per i servizi di rete.docx,.docx,19722,35fceef428da,duplicate,0,Memorie passate + template/CUP_ARTICOLI MERCIARI/ARTICOLI MERCIARI/Perché il Legislatore ha mantenuto nel comma 831 della Legge 1602019 l’ipotesi di soggettività passiva in via mediata per i servizi di rete.docx,
giurisprudenza-normativa-generale/Perché l’introduzione del Canone Unico richiede collaborazione tra Ufficio Tributi e Polizia Locale_ _ TuttoCUP.pdf,.pdf,34846,178177319a37,converted,383,,
giurisprudenza-normativa-generale/Presunte semplificazioni in materia di canone patrimoniale di concessione.docx,.docx,18963,b4f52bf56c05,duplicate,0,Memorie passate + template/CUP_ARTICOLI MERCIARI/ARTICOLI MERCIARI/Presunte semplificazioni in materia di canone patrimoniale di concessione.docx,
giurisprudenza-normativa-generale/Pubblica amministrazione - Enti locali - In proporzione alle.pdf,.pdf,76514,fb2552f29966,duplicate,0,Memorie passate + template/CUP_SENTENZE/Pubblica amministrazione - Enti locali - In proporzione alle.pdf,
giurisprudenza-normativa-generale/Pubblicità effettuata tramite veicoli pubblicitari mobili (i cosiddetti “camion vela”) _ TuttoCUP.pdf,.pdf,55523,3c738e3b2870,converted,1613,,
giurisprudenza-normativa-generale/Pubblicità in vetrina _ TuttoCUP.pdf,.pdf,60505,a3ea288d479b,converted,2564,,
giurisprudenza-normativa-generale/Q31 Canone mercatale - Rimborsi e correzione del regolamento.docx,.docx,166303,c36c623da5e7,duplicate,0,Memorie passate + template/CUP_ARTICOLI MERCIARI/ARTICOLI MERCIARI/Q31 Canone mercatale - Rimborsi e correzione del regolamento.docx,
giurisprudenza-normativa-generale/QUESITO COMMA 583 LEGGE FINANZIARIA 2026.docx,.docx,18580,ced5e6e63304,duplicate,0,Memorie passate + template/CUP_ARTICOLI MERCIARI/ARTICOLI MERCIARI/QUESITO COMMA 583 LEGGE FINANZIARIA 2026.docx,
giurisprudenza-normativa-generale/QUESITO CRISTINA ACQUEDOTTO PUGLIESE 2.docx,.docx,16699,11de8b1cd339,duplicate,0,Memorie passate + template/CUP_ARTICOLI MERCIARI/ARTICOLI MERCIARI/QUESITO CRISTINA ACQUEDOTTO PUGLIESE 2.docx,
giurisprudenza-normativa-generale/QUESITO OCCUPAZIONE DITTA CHE ESEGUE LAVORI A PALAZZO MUNICIPALE.docx,.docx,16509,24b826df5636,duplicate,0,Memorie passate + template/CUP_ARTICOLI MERCIARI/ARTICOLI MERCIARI/QUESITO OCCUPAZIONE DITTA CHE ESEGUE LAVORI A PALAZZO MUNICIPALE.docx,
giurisprudenza-normativa-generale/QUESITO PIATTAFORMA 10 LUGLIO 2024.docx,.docx,17980,e2a58bd7ec28,duplicate,0,Memorie passate + template/CUP_ARTICOLI MERCIARI/ARTICOLI MERCIARI/QUESITO PIATTAFORMA 10 LUGLIO 2024.docx,
giurisprudenza-normativa-generale/QUESITO PIATTAFORMA SERVIZIO IDRICO.docx,.docx,18337,eaf01b5a403a,duplicate,0,Memorie passate + template/CUP_ARTICOLI MERCIARI/ARTICOLI MERCIARI/QUESITO PIATTAFORMA SERVIZIO IDRICO.docx,
giurisprudenza-normativa-generale/QUESITO PIATTAFORMA SMART24.docx,.docx,15686,5a89414377dc,duplicate,0,Memorie passate + template/CUP_ARTICOLI MERCIARI/ARTICOLI MERCIARI/QUESITO PIATTAFORMA SMART24.docx,
giurisprudenza-normativa-generale/QUESITO SMART24 RISTORO RIMBORSI SISMA.docx,.docx,15061,6bf7b9c3aa90,duplicate,0,Memorie passate + template/CUP_ARTICOLI MERCIARI/ARTICOLI MERCIARI/QUESITO SMART24 RISTORO RIMBORSI SISMA.docx,
giurisprudenza-normativa-generale/Qual è il legame tra Codice della Strada e Canone Unico Patrimoniale_ _ TuttoCUP.pdf,.pdf,34978,6e0131520267,converted,472,,
giurisprudenza-normativa-generale/Qual è il termine di decadenza per la notifica degli avvisi di accertamento del CUP relativi all’anno 2021_ _ TuttoCUP.pdf,.pdf,61647,60849a65c4d0,converted,1291,,
giurisprudenza-normativa-generale/Quali sanzioni si applicano per occupazioni abusive di suolo secondo l’articolo 20 CdS_ _ TuttoCUP.pdf,.pdf,35942,e30d5e35575a,converted,324,,
giurisprudenza-normativa-generale/Quali sanzioni si applicano per pubblicità abusiva su strada_ _ TuttoCUP.pdf,.pdf,33943,c9b2c3115055,converted,238,,
giurisprudenza-normativa-generale/Quesito sulla scadenza delle autorizzazioni per i  passi carrabili.docx,.docx,16352,8f0d64696a3c,duplicate,0,Memorie passate + template/CUP_ARTICOLI MERCIARI/ARTICOLI MERCIARI/Quesito sulla scadenza delle autorizzazioni per i  passi carrabili.docx,
giurisprudenza-normativa-generale/Questione Soggettività passiva in via mediata - Tribunale di Piacenza sentenza 350 del 16.07.2025 _ TuttoCUP.pdf,.pdf,84052,1934877da0c8,converted,2089,,
giurisprudenza-normativa-generale/RFI non è esente dal pagamento del CUP per le proprie occupazioni - RFI non è esente dal pagamento del CUP per le proprie occupazioni _ TuttoCUP.pdf,.pdf,76940,4af29768f03d,converted,2818,,
giurisprudenza-normativa-generale/RFI non è esente dal pagamento del CUP.docx,.docx,19889,c2f0fb5ab746,duplicate,0,Memorie passate + template/CUP_ARTICOLI MERCIARI/ARTICOLI MERCIARI/RFI non è esente dal pagamento del CUP.docx,
giurisprudenza-normativa-generale/RG_7546_2025_Decreto_PP_assegnazion_SU_noindex (1).pdf,.pdf,375615,2adab92e3dcc,duplicate,0,Memorie passate + template/CUP_SENTENZE/RG_7546_2025_Decreto_PP_assegnazion_SU_noindex (1).pdf,
giurisprudenza-normativa-generale/RG_7546_2025_Decreto_PP_assegnazion_SU_noindex.pdf,.pdf,375615,2adab92e3dcc,duplicate,0,Memorie passate + template/CUP_SENTENZE/RG_7546_2025_Decreto_PP_assegnazion_SU_noindex (1).pdf,
giurisprudenza-normativa-generale/RIGETTO MEDIAZIONE ZELIG VIAGGI.docx,.docx,15519,b6605beb6928,duplicate,0,Memorie passate + template/CUP_ARTICOLI MERCIARI/ARTICOLI MERCIARI/RIGETTO MEDIAZIONE ZELIG VIAGGI.docx,
giurisprudenza-normativa-generale/RISPOSTA PER CRISTINA.docx,.docx,16335,c90bb93ffdad,duplicate,0,Memorie passate + template/CUP_ARTICOLI MERCIARI/ARTICOLI MERCIARI/RISPOSTA PER CRISTINA.docx,
giurisprudenza-normativa-generale/Risoluzione del 05_06_1995 n. 146 - Min. Finanze - Dip. Entrate Fiscalità Locale Serv. IV.pdf,.pdf,3829,da0f1e2a2ec7,duplicate,0,Memorie passate + template/CUP_SENTENZE/Risoluzione del 05_06_1995 n. 146 - Min. Finanze - Dip. Entrate Fiscalità Locale Serv. IV.pdf,
giurisprudenza-normativa-generale/Risoluzione-n.-3-del-2023-canone-unico-vari-quesiti_sito.pdf,.pdf,786346,b926b4229243,duplicate,0,Memorie passate + template/CUP_SENTENZE/Risoluzione-n.-3-del-2023-canone-unico-vari-quesiti_sito.pdf,
giurisprudenza-normativa-generale/Risposta al quesito STEP.docx,.docx,19248,77114c353f1e,duplicate,0,Memorie passate + template/CUP_ARTICOLI MERCIARI/ARTICOLI MERCIARI/Risposta al quesito STEP.docx,
giurisprudenza-normativa-generale/Ristori CUP per il sisma del 2016 a favore dei soli Comuni terremotati.pdf,.pdf,85502,37d40a560524,duplicate,0,Memorie passate + template/CUP_SENTENZE/Ristori CUP per il sisma del 2016 a favore dei soli Comuni terremotati.pdf,
giurisprudenza-normativa-generale/Rivalutazione istat anche per la tariffa a forfait.docx,.docx,14805,c361b2433e0b,duplicate,0,Memorie passate + template/CUP_ARTICOLI MERCIARI/ARTICOLI MERCIARI/Rivalutazione istat anche per la tariffa a forfait.docx,
giurisprudenza-normativa-generale/SCAVI STRADALI E CANONE UNICO PATRIMONIALE_ IL TESORO NASCOSTO CHE MOLTI COMUNI IGNORANO _ TuttoCUP.pdf,.pdf,77037,c7dd4dc5611a,converted,3603,,
giurisprudenza-normativa-generale/SENTENZA CASSAZIONE 308 2020.pdf,.pdf,221298,4b9add9aeefa,duplicate,0,Memorie passate + template/CUP_SENTENZE/SENTENZA CASSAZIONE 308 2020.pdf,
giurisprudenza-normativa-generale/SENTENZA CONSIGLIO DI STATO N. 2229 - 2014.pdf,.pdf,189946,f881ed9e2628,duplicate,0,Memorie passate + template/CUP_SENTENZE/SENTENZA CONSIGLIO DI STATO N. 2229 - 2014.pdf,
giurisprudenza-normativa-generale/SENTENZA CORTE DI CASSAZIONE 17184 DEL 2025.pdf,.pdf,110105,773df0d7f973,duplicate,0,Memorie passate + template/CUP_SENTENZE/SENTENZA CORTE DI CASSAZIONE 17184 DEL 2025.pdf,
giurisprudenza-normativa-generale/SENTENZA N.8846 DEL 10.10.23 CONSIGLIO DI STATO.docx,.docx,19780,193edf91969a,duplicate,0,Memorie passate + template/CUP_ARTICOLI MERCIARI/ARTICOLI MERCIARI/SENTENZA N.8846 DEL 10.10.23 CONSIGLIO DI STATO.docx,
giurisprudenza-normativa-generale/SENTENZA TAR PER LA LOMBARDIA IN MATERIA DI CANONE UNICO - PARTE 1.docx,.docx,17573,1624088541ff,duplicate,0,Memorie passate + template/CUP_ARTICOLI MERCIARI/ARTICOLI MERCIARI/SENTENZA TAR PER LA LOMBARDIA IN MATERIA DI CANONE UNICO - PARTE 1.docx,
giurisprudenza-normativa-generale/SENTENZA TAR PER LA LOMBARDIA IN MATERIA DI CANONE UNICO - PARTE 2.docx,.docx,18166,c3373932fc2b,duplicate,0,Memorie passate + template/CUP_ARTICOLI MERCIARI/ARTICOLI MERCIARI/SENTENZA TAR PER LA LOMBARDIA IN MATERIA DI CANONE UNICO - PARTE 2.docx,
giurisprudenza-normativa-generale/SENTENZA-N.-355-C_COSTITUZIONALE_17_7_2002.pdf,.pdf,150112,3e04be493125,duplicate,0,Memorie passate + template/CUP_SENTENZE/SENTENZA-N.-355-C_COSTITUZIONALE_17_7_2002.pdf,
giurisprudenza-normativa-generale/SENTENZA_CORTE_DI_APPELLO_DI_ANCONA_N._366_2025_-_N._R.G._00000944_2023_DEL_04_03_2025_PUBBLICATA_IL_04_03_2025.pdf,.pdf,162369,7d22485b199f,duplicate,0,Memorie passate + template/CUP_SENTENZE/SENTENZA_CORTE_DI_APPELLO_DI_ANCONA_N._366_2025_-_N._R.G._00000944_2023_DEL_04_03_2025_PUBBLICATA_IL_04_03_2025.pdf,
giurisprudenza-normativa-generale/SENTENZA_CORTE_DI_APPELLO_DI_GENOVA_N._674_2025_-_N._R.G._00000694_2024_DEL_31_05_2025_PUBBLICATA_IL_31_05_2025.pdf,.pdf,337909,2efa1e46c600,duplicate,0,Memorie passate + template/CUP_SENTENZE/SENTENZA_CORTE_DI_APPELLO_DI_GENOVA_N._674_2025_-_N._R.G._00000694_2024_DEL_31_05_2025_PUBBLICATA_IL_31_05_2025.pdf,
giurisprudenza-normativa-generale/SENTENZA_CORTE_DI_APPELLO_DI_MILANO_N._1360_2025_-_N._R.G._00001872_2023_DEL_13_05_2025_PUBBLICATA_IL_13_05_2025.pdf,.pdf,376665,8c0bd55a5bdc,duplicate,0,Memorie passate + template/CUP_SENTENZE/SENTENZA_CORTE_DI_APPELLO_DI_MILANO_N._1360_2025_-_N._R.G._00001872_2023_DEL_13_05_2025_PUBBLICATA_IL_13_05_2025.pdf,
giurisprudenza-normativa-generale/SENTENZA_CORTE_DI_APPELLO_DI_NAPOLI_N._2347_2025_-_N._R.G._00000753_2020_DEPOSITO_MINUTA_12_05_2025__PUBBLICAZIONE_12_05_2025_prescrizione_decennale.pdf,.pdf,270342,0fc36e6477e2,duplicate,0,Memorie passate + template/CUP_SENTENZE/SENTENZA_CORTE_DI_APPELLO_DI_NAPOLI_N._2347_2025_-_N._R.G._00000753_2020_DEPOSITO_MINUTA_12_05_2025__PUBBLICAZIONE_12_05_2025_prescrizione_decennale.pdf,
giurisprudenza-normativa-generale/SENTENZA_CORTE_DI_APPELLO_DI_NAPOLI_N._3649_2025_-_N._R.G._00002621_2022_DEPOSITO_MINUTA_08_07_2025__PUBBLICAZIONE_08_07_2025_iuris_tantum.pdf,.pdf,421197,88d1deef9fcd,duplicate,0,Memorie passate + template/CUP_SENTENZE/SENTENZA_CORTE_DI_APPELLO_DI_NAPOLI_N._3649_2025_-_N._R.G._00002621_2022_DEPOSITO_MINUTA_08_07_2025__PUBBLICAZIONE_08_07_2025_iuris_tantum.pdf,
giurisprudenza-normativa-generale/SENTENZA_CORTE_DI_APPELLO_DI_VENEZIA_N._814_2025_-_N._R.G._00001810_2024_DEL_04_04_2025_PUBBLICATA_IL_04_04_2025.pdf,.pdf,299251,4239ef0bc7cc,duplicate,0,Memorie passate + template/CUP_SENTENZE/SENTENZA_CORTE_DI_APPELLO_DI_VENEZIA_N._814_2025_-_N._R.G._00001810_2024_DEL_04_04_2025_PUBBLICATA_IL_04_04_2025.pdf,
giurisprudenza-normativa-generale/SENTENZA_TRIBUNALE_DI_BARI_N._832_2025_-_N._R.G._00010818_2023_DEL_06_03_2025_PUBBLICATA_IL_06_03_2025.pdf,.pdf,139284,1ce9fcd406ce,duplicate,0,Memorie passate + template/CUP_SENTENZE/SENTENZA_TRIBUNALE_DI_BARI_N._832_2025_-_N._R.G._00010818_2023_DEL_06_03_2025_PUBBLICATA_IL_06_03_2025.pdf,
giurisprudenza-normativa-generale/SENTENZA_TRIBUNALE_DI_BOLOGNA_N._2679_2025_-_N._R.G._00006630_2024_DEPOSITO_MINUTA_24_10_2025__PUBBLICAZIONE_24_10_2025_autostrada.pdf,.pdf,517228,6e0b3dcc5c72,duplicate,0,Memorie passate + template/CUP_SENTENZE/SENTENZA_TRIBUNALE_DI_BOLOGNA_N._2679_2025_-_N._R.G._00006630_2024_DEPOSITO_MINUTA_24_10_2025__PUBBLICAZIONE_24_10_2025_autostrada.pdf,
giurisprudenza-normativa-generale/SENTENZA_TRIBUNALE_DI_LATINA_N._2048_2025_-_N._R.G._00002760_2024_DEPOSITO_MINUTA_01_12_2025__PUBBLICAZIONE_01_12_2025.pdf,.pdf,273342,e638c5b0d0c6,duplicate,0,Memorie passate + template/CUP_SENTENZE/SENTENZA_TRIBUNALE_DI_LATINA_N._2048_2025_-_N._R.G._00002760_2024_DEPOSITO_MINUTA_01_12_2025__PUBBLICAZIONE_01_12_2025.pdf,
giurisprudenza-normativa-generale/SENTENZA_TRIBUNALE_DI_LECCE_N._2661_2025_-_N._R.G._00005078_2024_DEPOSITO_MINUTA_26_09_2025__PUBBLICAZIONE_26_09_2025.pdf,.pdf,248088,e8401e374b40,duplicate,0,Memorie passate + template/CUP_SENTENZE/SENTENZA_TRIBUNALE_DI_LECCE_N._2661_2025_-_N._R.G._00005078_2024_DEPOSITO_MINUTA_26_09_2025__PUBBLICAZIONE_26_09_2025.pdf,
giurisprudenza-normativa-generale/SENTENZA_TRIBUNALE_DI_NAPOLI_N._4171_2025_-_N._R.G._00003129_2022_DEL_28_04_2025_PUBBLICATA_IL_29_04_2025.pdf,.pdf,250531,c190dbc69be6,duplicate,0,Memorie passate + template/CUP_SENTENZE/SENTENZA_TRIBUNALE_DI_NAPOLI_N._4171_2025_-_N._R.G._00003129_2022_DEL_28_04_2025_PUBBLICATA_IL_29_04_2025.pdf,
giurisprudenza-normativa-generale/SENTENZA_TRIBUNALE_DI_PESCARA_N._1422_2024_-_N._R.G._00003763_2022_DEL_14_12_2024_PUBBLICATA_IL_17_12_2024.pdf,.pdf,211252,fbd0ff052678,duplicate,0,Memorie passate + template/CUP_SENTENZE/SENTENZA_TRIBUNALE_DI_PESCARA_N._1422_2024_-_N._R.G._00003763_2022_DEL_14_12_2024_PUBBLICATA_IL_17_12_2024.pdf,
giurisprudenza-normativa-generale/SENTENZA_TRIBUNALE_DI_PESCARA_N._153_2026_-_N._R.G._00002337_2023_DEPOSITO_MINUTA_09_02_2026__PUBBLICAZIONE_09_02_2026.pdf,.pdf,350689,54c3f7c6abd3,duplicate,0,Memorie passate + template/CUP_SENTENZE/SENTENZA_TRIBUNALE_DI_PESCARA_N._153_2026_-_N._R.G._00002337_2023_DEPOSITO_MINUTA_09_02_2026__PUBBLICAZIONE_09_02_2026.pdf,
giurisprudenza-normativa-generale/SENTENZA_TRIBUNALE_DI_PRATO_N._237_2025_-_N._R.G._00002024_2023_DEL_21_04_2025_PUBBLICATA_IL_21_04_2025 (1).pdf,.pdf,280925,c95d6491c47e,duplicate,0,Memorie passate + template/CUP_SENTENZE/SENTENZA_TRIBUNALE_DI_PRATO_N._237_2025_-_N._R.G._00002024_2023_DEL_21_04_2025_PUBBLICATA_IL_21_04_2025 (1).pdf,
giurisprudenza-normativa-generale/SENTENZA_TRIBUNALE_DI_PRATO_N._237_2025_-_N._R.G._00002024_2023_DEL_21_04_2025_PUBBLICATA_IL_21_04_2025.pdf,.pdf,280925,c95d6491c47e,duplicate,0,Memorie passate + template/CUP_SENTENZE/SENTENZA_TRIBUNALE_DI_PRATO_N._237_2025_-_N._R.G._00002024_2023_DEL_21_04_2025_PUBBLICATA_IL_21_04_2025 (1).pdf,
giurisprudenza-normativa-generale/SENTENZA_TRIBUNALE_DI_SASSARI_N._293_2024_-_N._R.G._00002608_2023_DEPOSITO_MINUTA_07_03_2024__PUBBLICAZIONE_06_03_2024.pdf,.pdf,136935,b79a190bfdf0,duplicate,0,Memorie passate + template/CUP_SENTENZE/SENTENZA_TRIBUNALE_DI_SASSARI_N._293_2024_-_N._R.G._00002608_2023_DEPOSITO_MINUTA_07_03_2024__PUBBLICAZIONE_06_03_2024.pdf,
giurisprudenza-normativa-generale/SENTENZA_TRIBUNALE_DI_TORINO_N._1151_2025_-_N._R.G._00018743_2023_DEL_08_03_2025_PUBBLICATA_IL_10_03_2025.pdf,.pdf,217680,20c01c6e1f3e,duplicate,0,Memorie passate + template/CUP_SENTENZE/SENTENZA_TRIBUNALE_DI_TORINO_N._1151_2025_-_N._R.G._00018743_2023_DEL_08_03_2025_PUBBLICATA_IL_10_03_2025.pdf,
giurisprudenza-normativa-generale/SENTENZA_TRIBUNALE_DI_TORINO_N._1652_2025_-_N._R.G._00010249_2023_DEL_03_04_2025_PUBBLICATA_IL_03_04_2025.pdf,.pdf,339692,42131d8cdb4f,duplicate,0,Memorie passate + template/CUP_SENTENZE/SENTENZA_TRIBUNALE_DI_TORINO_N._1652_2025_-_N._R.G._00010249_2023_DEL_03_04_2025_PUBBLICATA_IL_03_04_2025.pdf,
giurisprudenza-normativa-generale/SENTENZA_TRIBUNALE_DI_TORINO_N._1653_2025_-_N._R.G._00014531_2023_DEL_03_04_2025_PUBBLICATA_IL_03_04_2025.pdf,.pdf,330198,715b2d3e8ba1,duplicate,0,Memorie passate + template/CUP_SENTENZE/SENTENZA_TRIBUNALE_DI_TORINO_N._1653_2025_-_N._R.G._00014531_2023_DEL_03_04_2025_PUBBLICATA_IL_03_04_2025.pdf,
giurisprudenza-normativa-generale/SICHIE~1.PDF,.pdf,55195,fb9c485a86ea,converted,1038,,
giurisprudenza-normativa-generale/SOGGETTIVITA_ PASSIVA MEDIATA.docx,.docx,19681,b43af2472b91,duplicate,0,Memorie passate + template/CUP_ARTICOLI MERCIARI/ARTICOLI MERCIARI/SOGGETTIVITA_ PASSIVA MEDIATA.docx,
giurisprudenza-normativa-generale/Saranno le Sezioni Unite della Cassazione a dire se il presupposto pubblicitario del CUP ha natura tributaria.docx,.docx,20746,553c261a1376,duplicate,0,Memorie passate + template/CUP_ARTICOLI MERCIARI/ARTICOLI MERCIARI/Saranno le Sezioni Unite della Cassazione a dire se il presupposto pubblicitario del CUP ha natura tributaria.docx,
giurisprudenza-normativa-generale/Scan2025-04-18_091030.pdf,.pdf,5066896,c96c5f5bd512,duplicate,0,Memorie passate + template/CUP_SENTENZE/Scan2025-04-18_091030.pdf,
giurisprudenza-normativa-generale/Schema operativo ragionato _ TuttoCUP.pdf,.pdf,79879,03c8b1c57e8d,converted,2237,,
giurisprudenza-normativa-generale/Sentenza C.d.A. Venezia 3441-2025.pdf,.pdf,349436,5ebf5d8436b8,duplicate,0,Memorie passate + template/CONTENZIOSO_Maria_Rosa/IDRICO/Sentenza C.d.A. Venezia 3441-2025.pdf,
giurisprudenza-normativa-generale/Sentenza GdP Treviso 1386 2023.pdf,.pdf,165907,6ef903b35933,duplicate,0,Memorie passate + template/CUP_SENTENZE/Sentenza GdP Treviso 1386 2023.pdf,
giurisprudenza-normativa-generale/Sentenza Tribunale Piacenza n.207 del 06_05_2025 - Soggettività passiva mediata_ perché il legislatore l’ha confermata per i servizi di rete _ TuttoCUP.pdf,.pdf,60863,381de69bc879,converted,771,,
giurisprudenza-normativa-generale/Sentenza di Corte di Cassazione Civile Ord. Sez. 1 Num. 17184 Anno 2025.pdf,.pdf,110105,773df0d7f973,duplicate,0,Memorie passate + template/CUP_SENTENZE/SENTENZA CORTE DI CASSAZIONE 17184 DEL 2025.pdf,
giurisprudenza-normativa-generale/Sentenza in tema di prescrizione decennale del Canone per l’occupazione di suolo pubblico _ TuttoCUP.pdf,.pdf,70412,43f57ae8eed7,converted,1129,,
giurisprudenza-normativa-generale/Sentenza n. 908 2025 del 15.10.2025 del Tribunale di Bolzano.pdf,.pdf,278493,2d0abc1069b6,duplicate,0,Memorie passate + template/CONTENZIOSO_Maria_Rosa/TELEFONIA/Sentenza n. 908 2025 del 15.10.2025 del Tribunale di Bolzano.pdf,
giurisprudenza-normativa-generale/Sentenza viadotti.pdf,.pdf,244653,2903f8781a27,duplicate,0,Memorie passate + template/CUP_SENTENZE/Sentenza viadotti.pdf,
giurisprudenza-normativa-generale/Sentenza-del-24_10_2024-n.-799-CGT2G-Liguria-Sezione-3.pdf,.pdf,106071,7931e3a2998a,duplicate,0,Memorie passate + template/CUP_SENTENZE/Sentenza-del-24_10_2024-n.-799-CGT2G-Liguria-Sezione-3.pdf,
giurisprudenza-normativa-generale/Sentenza-n.-240-2025-del-20-02-2025-del-Tribunale-di-Treviso.pdf,.pdf,293940,2f4c1d7a5646,duplicate,0,Memorie passate + template/CUP_SENTENZE/Sentenza-n.-240-2025-del-20-02-2025-del-Tribunale-di-Treviso.pdf,
giurisprudenza-normativa-generale/Sentenza_RG_000447_2024_UD_16062025 Como Acqua Comune di Cantu.pdf,.pdf,99338,d3e6299a6f5d,duplicate,0,Memorie passate + template/CONTENZIOSO_Maria_Rosa/IDRICO/Sentenza_RG_000447_2024_UD_16062025.pdf,
giurisprudenza-normativa-generale/Sentenza_V70_1348_2025cup_p_tributo.pdf,.pdf,382352,7ad9a02d3d4c,duplicate,0,Memorie passate + template/CUP_SENTENZE/Sentenza_V70_1348_2025cup_p_tributo.pdf,
giurisprudenza-normativa-generale/Servitù di pubblico passaggio sotto i portici _ TuttoCUP.pdf,.pdf,53550,5f50e93177c6,converted,3042,,
giurisprudenza-normativa-generale/Si può applicare il CONTRADDITTORIO PREVENTIVO in fase di accertamento del CUP_ _ TuttoCUP.pdf,.pdf,37756,531f92217001,converted,391,,
giurisprudenza-normativa-generale/Società di gestione del servizio idrico _ TuttoCUP.pdf,.pdf,61339,447c6f384c30,converted,1173,,
giurisprudenza-normativa-generale/Stop agli inviti di pagamento per le occupazioni e i mezzi pubblicitari non in regola.docx,.docx,16514,64627962fa3a,duplicate,0,Memorie passate + template/CUP_ARTICOLI MERCIARI/ARTICOLI MERCIARI/Stop agli inviti di pagamento per le occupazioni e i mezzi pubblicitari non in regola.docx,
giurisprudenza-normativa-generale/Sul canone per i servizi di rete è urgente un intervento del Ministero delle Finanze.docx,.docx,20783,c4023466f1ce,duplicate,0,Memorie passate + template/CUP_ARTICOLI MERCIARI/ARTICOLI MERCIARI/Sul canone per i servizi di rete è urgente un intervento del Ministero delle Finanze.docx,
giurisprudenza-normativa-generale/TAR MI CUP n.01848-2023.pdf,.pdf,190505,858e46034874,duplicate,0,Memorie passate + template/CUP_SENTENZE/TAR MI CUP n.01848-2023.pdf,
giurisprudenza-normativa-generale/TAR MI CUP n.01850-2023.pdf,.pdf,210864,7a3c0027c71c,duplicate,0,Memorie passate + template/CUP_SENTENZE/TAR MI CUP n.01850-2023.pdf,
giurisprudenza-normativa-generale/TAR Milano – Sez. V – Sentenza 1786 del 21.5.2025.pdf,.pdf,342239,0e4db15f064f,duplicate,0,Memorie passate + template/CUP_SENTENZE/TAR Milano – Sez. V – Sentenza 1786 del 21.5.2025.pdf,
giurisprudenza-normativa-generale/TAR NAPOLI CONCESSIONI.docx,.docx,38753,4004e35ede23,duplicate,0,Memorie passate + template/CUP_ARTICOLI MERCIARI/ARTICOLI MERCIARI/TAR NAPOLI CONCESSIONI.docx,
giurisprudenza-normativa-generale/TAR NAPOLI CONCESSIONI.pdf,.pdf,290920,1f28ff12223e,duplicate,0,Memorie passate + template/CUP_SENTENZE/TAR NAPOLI CONCESSIONI.pdf,
giurisprudenza-normativa-generale/TAR Veneto – Sez.IV – Sentenza 1766 del 18 9 2025.pdf,.pdf,151049,d81da81cce68,duplicate,0,Memorie passate + template/CUP_SENTENZE/TAR Veneto – Sez.IV – Sentenza 1766 del 18 9 2025.pdf,
giurisprudenza-normativa-generale/TAR-BARI-Sez.-III-Ordinanza-587-del-16122022.pdf,.pdf,129441,6f32ee267b05,duplicate,0,Memorie passate + template/CUP_SENTENZE/TAR-BARI-Sez.-III-Ordinanza-587-del-16122022.pdf,
giurisprudenza-normativa-generale/TAR-BS-Sez.II-Sentenza-576-del-10_7_2023.pdf,.pdf,313248,0c9c94c3cabf,duplicate,0,Memorie passate + template/CUP_SENTENZE/TAR-BS-Sez.II-Sentenza-576-del-10_7_2023.pdf,
giurisprudenza-normativa-generale/TAR-CAGLIARI-Sez.I-Sentenza-226-del-10_3_2025.pdf,.pdf,177078,0941727b2fbf,duplicate,0,Memorie passate + template/CUP_SENTENZE/TAR-CAGLIARI-Sez.I-Sentenza-226-del-10_3_2025.pdf,
giurisprudenza-normativa-generale/TAR-CATANIA-Sez.III-Sentenza-2715-del-18_9_2025.pdf,.pdf,188317,e62e3cec61fb,duplicate,0,Memorie passate + template/CUP_SENTENZE/TAR-CATANIA-Sez.III-Sentenza-2715-del-18_9_2025.pdf,
giurisprudenza-normativa-generale/TAR-LECCE-Sez.-II-Sentenza-632-del-1552023.pdf,.pdf,230684,d8aefea390d7,duplicate,0,Memorie passate + template/CUP_SENTENZE/TAR-LECCE-Sez.-II-Sentenza-632-del-1552023.pdf,
giurisprudenza-normativa-generale/TAR-LIGURIA-SEZ.I-Sentenza-311-del-03052024.pdf,.pdf,338881,fd0d5ba2480a,duplicate,0,Memorie passate + template/CUP_SENTENZE/TAR-LIGURIA-SEZ.I-Sentenza-311-del-03052024.pdf,
giurisprudenza-normativa-generale/TAR-MI-Sentenza-1443-del-14_5_2024.pdf,.pdf,284463,f92f60195ae5,duplicate,0,Memorie passate + template/CUP_SENTENZE/TAR-MI-Sentenza-1443-del-14_5_2024.pdf,
giurisprudenza-normativa-generale/TAR-NA-Sez.III-Sentenza-2817-del-4_4_2025.pdf,.pdf,157623,b7fbee0c44e8,duplicate,0,Memorie passate + template/CUP_SENTENZE/TAR-NA-Sez.III-Sentenza-2817-del-4_4_2025.pdf,
giurisprudenza-normativa-generale/TAR-Piemonte-Sez.II-Sentenza-n.7-del-7_1_2025.pdf,.pdf,184715,99cfe74e829c,duplicate,0,Memorie passate + template/CUP_SENTENZE/TAR-Piemonte-Sez.II-Sentenza-n.7-del-7_1_2025.pdf,
giurisprudenza-normativa-generale/TAR-ROMA-SENTENZA-3855-DEL-4-4-2022.pdf,.pdf,401979,58a2261d7006,duplicate,0,Memorie passate + template/CUP_SENTENZE/TAR-ROMA-SENTENZA-3855-DEL-4-4-2022.pdf,
giurisprudenza-normativa-generale/TARIFFA MERCATALE_ Perché NON può funzionare il frazionamento in 24esimi _ TuttoCUP.pdf,.pdf,92651,b0165ff3b8c1,converted,2807,,
giurisprudenza-normativa-generale/TARIFFA MERCATALI FRAZIONATA_ concetto di _orario effettivo_ _ TuttoCUP.pdf,.pdf,75156,295dae974a1b,converted,1936,,
giurisprudenza-normativa-generale/TARIFFE CUP 2026 – Adeguamento ISTAT FOI_ indicazioni operative per i Comuni _ TuttoCUP.pdf,.pdf,70078,3d769c68760f,converted,2118,,
giurisprudenza-normativa-generale/TAR_LAZIO.pdf,.pdf,10914294,13696eb1ccb0,duplicate,0,Memorie passate + template/CUP_SENTENZE/TAR_LAZIO.pdf,
"giurisprudenza-normativa-generale/TIM–FiberCop, il ping pong del pagamento_ chi deve davvero versare dopo la cessione delle reti_ _ TuttoCUP.pdf",.pdf,58433,61c9a58899f5,converted,1312,,
giurisprudenza-normativa-generale/TRIBUNALE ORDINARIO DI MACERATA_sentenza_814 del_11_10_2023.pdf,.pdf,125154,ccfcd4cdf228,duplicate,0,Memorie passate + template/CUP_SENTENZE/TRIBUNALE ORDINARIO DI MACERATA_sentenza_814 del_11_10_2023.pdf,
giurisprudenza-normativa-generale/TRIBUNALE ORDINARIO di MILANO - Sez.I Civile - Sentenza 8844 del 9_11_2023.pdf,.pdf,78777,028aae6a8fd1,duplicate,0,Memorie passate + template/CUP_SENTENZE/TRIBUNALE ORDINARIO di MILANO - Sez.I Civile - Sentenza 8844 del 9_11_2023.pdf,
giurisprudenza-normativa-generale/Tar Cagliari - Sentenza 477 del 27_5_2025 (1).pdf,.pdf,271374,fbe6632af6c6,duplicate,0,Memorie passate + template/CUP_SENTENZE/Tar Cagliari - Sentenza 477 del 27_5_2025 (1).pdf,
giurisprudenza-normativa-generale/Tar Lazio Roma CUP 10.2025.pdf,.pdf,450474,9cad8593d29b,duplicate,0,Memorie passate + template/CUP_SENTENZE/Tar Lazio Roma CUP 10.2025.pdf,
giurisprudenza-normativa-generale/Tar Veneto – Sez.IV – Sentenza 19 del 5 1 2026.pdf,.pdf,191772,ccdb64c41b85,duplicate,0,Memorie passate + template/CUP_SENTENZE/Tar Veneto – Sez.IV – Sentenza 19 del 5 1 2026.pdf,
giurisprudenza-normativa-generale/Tar-Palermo-Sez.III-Sentenza-3843-del-22_12_2023.pdf,.pdf,319722,499da8db43a8,duplicate,0,Memorie passate + template/CUP_SENTENZE/Tar-Palermo-Sez.III-Sentenza-3843-del-22_12_2023.pdf,
giurisprudenza-normativa-generale/Telecomunicazioni e infrastrutture nell’era dell’interconnessione. La controversia tra canone fisso e canone libero.docx,.docx,18657,11cbcf888948,duplicate,0,Memorie passate + template/CUP_ARTICOLI MERCIARI/ARTICOLI MERCIARI/Telecomunicazioni e infrastrutture nell’era dell’interconnessione. La controversia tra canone fisso e canone libero.docx,
giurisprudenza-normativa-generale/Tribunale Piacenza Sentenza 207 del 06.05.2025 - 1grado VODAFONE.pdf,.pdf,226637,72a0e0b18efc,duplicate,0,Memorie passate + template/CONTENZIOSO_Maria_Rosa/TELEFONIA/FASTWEB/Tribunale Piacenza Sentenza 207 del 06.05.2025 - 1grado VODAFONE.pdf,
giurisprudenza-normativa-generale/Tribunale di Bolzano_ nessuna separazione tra rete e servizio nelle Telecomunicazioni _ TuttoCUP.pdf,.pdf,48114,993314d6ff7d,converted,816,,
giurisprudenza-normativa-generale/Tribunale di Piacenza sentenza 350 del 16.07.2025 -appello WIND.pdf,.pdf,267818,225c8b8dd8c8,duplicate,0,Memorie passate + template/CONTENZIOSO_Maria_Rosa/TELEFONIA/FASTWEB/Tribunale di Piacenza sentenza 350 del 16.07.2025 -appello WIND.pdf,
giurisprudenza-normativa-generale/Tribunale-Rovigo-Sez.I-Sentenza-del-22_11_2024.pdf,.pdf,343677,e0e1de4fbbe6,duplicate,0,Memorie passate + template/CONTENZIOSO_Maria_Rosa/IDRICO/Tribunale-Rovigo-Sez.I-Sentenza-del-22_11_2024.pdf,
giurisprudenza-normativa-generale/Tribunale_Pavia_Sez_III_Sentenza_del_27122022_n_1645_SEZIONE_TERZA.pdf,.pdf,87547,8c1280b6c053,duplicate,0,Memorie passate + template/CUP_SENTENZE/Tribunale_Pavia_Sez_III_Sentenza_del_27122022_n_1645_SEZIONE_TERZA.pdf,
giurisprudenza-normativa-generale/Tribunale_frosinone_4_10_2019.pdf,.pdf,111773,0abcdf7a0904,duplicate,0,Memorie passate + template/CUP_SENTENZE/Tribunale_frosinone_4_10_2019.pdf,
giurisprudenza-normativa-generale/UNA NUOVA SENTENZA SULLA SOGGETTIVITA_ PASSIVA IN VIA MEDIATA.docx,.docx,15082,4eb7cf8f5aba,duplicate,0,Memorie passate + template/CUP_ARTICOLI MERCIARI/ARTICOLI MERCIARI/UNA NUOVA SENTENZA SULLA SOGGETTIVITA_ PASSIVA IN VIA MEDIATA.docx,
giurisprudenza-normativa-generale/Ulteriori esenzioni CUP subordinate alle coperture di bilancio.docx,.docx,14091,1e7b915492b2,duplicate,0,Memorie passate + template/CUP_ARTICOLI MERCIARI/ARTICOLI MERCIARI/Ulteriori esenzioni CUP subordinate alle coperture di bilancio.docx,
"giurisprudenza-normativa-generale/Una interessante sentenza sulla tassabilità dei _fascioni pubblicitari_, sulla efficacia probatoria delle rilevazioni e sul ruolo dell’Accertatore delle Entrate. _ TuttoCUP.pdf",.pdf,85696,7095ed35fa79,converted,2154,,
giurisprudenza-normativa-generale/Uno strumento per valorizzare e governare il proprio territorio.docx,.docx,19020,2dbc89675c4d,duplicate,0,Memorie passate + template/CUP_ARTICOLI MERCIARI/ARTICOLI MERCIARI/Uno strumento per valorizzare e governare il proprio territorio.docx,
giurisprudenza-normativa-generale/VIADOTTI AUTOSTRADALI PAGANO IL CANONE UNICO.docx,.docx,14176,c8066aec9a8a,duplicate,0,Memorie passate + template/CUP_ARTICOLI MERCIARI/ARTICOLI MERCIARI/VIADOTTI AUTOSTRADALI PAGANO IL CANONE UNICO.docx,
giurisprudenza-normativa-generale/Visibilità dal luogo pubblico_ confermata l’applicazione del CUP agli impianti su aree private _ TuttoCUP.pdf,.pdf,67219,9fbc446db32c,converted,1771,,
giurisprudenza-normativa-generale/_20250624_snciv@s50@a2025@n16866@tO.clean.pdf,.pdf,168313,28a2dedb19fd,duplicate,0,Memorie passate + template/CUP_SENTENZE/_20250624_snciv@s50@a2025@n16866@tO.clean.pdf,
giurisprudenza-normativa-generale/_20250723_snciv@s50@a2025@n20831@tO.clean.pdf,.pdf,168652,424342b20f83,duplicate,0,Memorie passate + template/CUP_SENTENZE/_20250723_snciv@s50@a2025@n20831@tO.clean.pdf,
giurisprudenza-normativa-generale/a chi applicare l_esenzione per le insegne esposte presso i cantieri.docx,.docx,17654,d7ccbef6014a,duplicate,0,Memorie passate + template/CUP_ARTICOLI MERCIARI/ARTICOLI MERCIARI/a chi applicare l_esenzione per le insegne esposte presso i cantieri.docx,
giurisprudenza-normativa-generale/adeguamento ISTAT delle tariffe per antenne e servizi di rete.docx,.docx,16918,8cac2e734ffc,duplicate,0,Memorie passate + template/CUP_ARTICOLI MERCIARI/ARTICOLI MERCIARI/adeguamento ISTAT delle tariffe per antenne e servizi di rete.docx,
giurisprudenza-normativa-generale/adeguamento istat tariffa CUP società di erogazione servizi di rete.docx,.docx,14373,61891ebd09ab,duplicate,0,Memorie passate + template/CUP_ARTICOLI MERCIARI/ARTICOLI MERCIARI/adeguamento istat tariffa CUP società di erogazione servizi di rete.docx,
giurisprudenza-normativa-generale/alcuni aspetti di interesse da valutare durante il prossimo periodo elettorale.docx,.docx,19805,ddee6d090d07,duplicate,0,Memorie passate + template/CUP_ARTICOLI MERCIARI/ARTICOLI MERCIARI/alcuni aspetti di interesse da valutare durante il prossimo periodo elettorale.docx,
giurisprudenza-normativa-generale/ancora una sentenza sulla corretta tariffa CUP per le antenne di telefonia.docx,.docx,17626,43ba12d623fa,duplicate,0,Memorie passate + template/CUP_ARTICOLI MERCIARI/ARTICOLI MERCIARI/ancora una sentenza sulla corretta tariffa CUP per le antenne di telefonia.docx,
giurisprudenza-normativa-generale/arrotondamento superfici imponibili CUP.docx,.docx,15533,7e8db753a4aa,duplicate,0,Memorie passate + template/CUP_ARTICOLI MERCIARI/ARTICOLI MERCIARI/arrotondamento superfici imponibili CUP.docx,
giurisprudenza-normativa-generale/articolo propaganda elettorale.docx,.docx,15873,06b7ea5eafa8,duplicate,0,Memorie passate + template/CUP_ARTICOLI MERCIARI/ARTICOLI MERCIARI/articolo propaganda elettorale.docx,
giurisprudenza-normativa-generale/articolo su abusivismo.docx,.docx,22649,150d794a8e5c,duplicate,0,Memorie passate + template/CUP_ARTICOLI MERCIARI/ARTICOLI MERCIARI/articolo su abusivismo.docx,
giurisprudenza-normativa-generale/articolo sul presupposto suolo pubblico.docx,.docx,13835,f0596dbe3293,duplicate,0,Memorie passate + template/CUP_ARTICOLI MERCIARI/ARTICOLI MERCIARI/articolo sul presupposto suolo pubblico.docx,
giurisprudenza-normativa-generale/c_è ancora molto da fare sulla gestione del CUP.docx,.docx,16531,bfbe0fcb567b,duplicate,0,Memorie passate + template/CUP_ARTICOLI MERCIARI/ARTICOLI MERCIARI/c_è ancora molto da fare sulla gestione del CUP.docx,
giurisprudenza-normativa-generale/calcolo antenne.docx,.docx,14443,4a80443f7f9f,duplicate,0,Memorie passate + template/CUP_ARTICOLI MERCIARI/ARTICOLI MERCIARI/calcolo antenne.docx,
giurisprudenza-normativa-generale/cambia la procedura di autorizzazione per i mezzi pubblicitari.docx,.docx,20278,7ed1dfa59b5e,duplicate,0,Memorie passate + template/CUP_ARTICOLI MERCIARI/ARTICOLI MERCIARI/cambia la procedura di autorizzazione per i mezzi pubblicitari.docx,
giurisprudenza-normativa-generale/canoni relativi a prestazioni di servizi. il canone di polizia idraulica.docx,.docx,15603,76ee6c72564a,duplicate,0,Memorie passate + template/CUP_ARTICOLI MERCIARI/ARTICOLI MERCIARI/canoni relativi a prestazioni di servizi. il canone di polizia idraulica.docx,
giurisprudenza-normativa-generale/cass-civ-sez-i-sent-data-ud-09-03-1990-09-03-1990- (1).pdf,.pdf,85944,28aa7d33f8f0,duplicate,0,Memorie passate + template/CUP_SENTENZE/cass-civ-sez-i-sent-data-ud-09-03-1990-09-03-1990- (1).pdf,
giurisprudenza-normativa-generale/cass-civ-sez-unite-sent-data-ud-21-05-2019-07-05-2.pdf,.pdf,147685,30093d180043,duplicate,0,Memorie passate + template/CUP_SENTENZE/cass-civ-sez-unite-sent-data-ud-21-05-2019-07-05-2.pdf,
giurisprudenza-normativa-generale/cdc_abruzzo_50_2017.pdf,.pdf,366637,9bd7a02e48d5,duplicate,0,Memorie passate + template/CUP_SENTENZE/cdc_abruzzo_50_2017.pdf,
giurisprudenza-normativa-generale/chi deve versare il canone per l’installazione di antenne e ripetitori.docx,.docx,17238,804d6ae0bb9a,duplicate,0,Memorie passate + template/CUP_ARTICOLI MERCIARI/ARTICOLI MERCIARI/chi deve versare il canone per l’installazione di antenne e ripetitori.docx,
giurisprudenza-normativa-generale/chi pagherà il CUP per le 20 milioni di utenze del servizio di telecomunicazione.docx,.docx,17556,d91628e614b6,duplicate,0,Memorie passate + template/CUP_ARTICOLI MERCIARI/ARTICOLI MERCIARI/chi pagherà il CUP per le 20 milioni di utenze del servizio di telecomunicazione.docx,
giurisprudenza-normativa-generale/circ-dait-030-servelet-12-04-2024.pdf,.pdf,1138134,aaef7246a10b,duplicate,0,Memorie passate + template/CUP_SENTENZE/circ-dait-030-servelet-12-04-2024.pdf,
giurisprudenza-normativa-generale/circolare MEF 2009.pdf,.pdf,151600,68b9707490c9,duplicate,0,Memorie passate + template/CUP_SENTENZE/circolare MEF 2009(1).pdf,
giurisprudenza-normativa-generale/come calcolare l’adeguamento ISTAT delle tariffe CUP.docx,.docx,18005,e9d4f38c8cc2,duplicate,0,Memorie passate + template/CUP_ARTICOLI MERCIARI/ARTICOLI MERCIARI/come calcolare l’adeguamento ISTAT delle tariffe CUP.docx,
giurisprudenza-normativa-generale/come cambia il CUP per il servizio di telefonia.docx,.docx,18792,a3058f2221dc,duplicate,0,Memorie passate + template/CUP_ARTICOLI MERCIARI/ARTICOLI MERCIARI/come cambia il CUP per il servizio di telefonia.docx,
giurisprudenza-normativa-generale/come costruire la giusta tariffa CUP - Il caso dei Passi Carrabili.docx,.docx,23340,2f5f4ad9a0e1,duplicate,0,Memorie passate + template/CUP_ARTICOLI MERCIARI/ARTICOLI MERCIARI/come costruire la giusta tariffa CUP - Il caso dei Passi Carrabili.docx,
giurisprudenza-normativa-generale/come costruire la giusta tariffa CUP - Il caso delle Pubbliche Affissioni.docx,.docx,19033,c25ca9a2d84f,duplicate,0,Memorie passate + template/CUP_ARTICOLI MERCIARI/ARTICOLI MERCIARI/come costruire la giusta tariffa CUP - Il caso delle Pubbliche Affissioni.docx,
giurisprudenza-normativa-generale/come costruire la giusta tariffa CUP.docx,.docx,16766,5f792754b3b5,duplicate,0,Memorie passate + template/CUP_ARTICOLI MERCIARI/ARTICOLI MERCIARI/come costruire la giusta tariffa CUP.docx,
giurisprudenza-normativa-generale/come riconoscere un_insegna d_esercizio.docx,.docx,18198,9e44c87f9f19,duplicate,0,Memorie passate + template/CUP_ARTICOLI MERCIARI/ARTICOLI MERCIARI/come riconoscere un_insegna d_esercizio.docx,
giurisprudenza-normativa-generale/condutture idriche per terreni agricoli.docx,.docx,15167,f395c9ee03d2,duplicate,0,Memorie passate + template/CUP_ARTICOLI MERCIARI/ARTICOLI MERCIARI/condutture idriche per terreni agricoli.docx,
giurisprudenza-normativa-generale/corretto applicare il CUP alle occupazioni su aree private ad uso pubblico.docx,.docx,14722,d5350c6c0215,duplicate,0,Memorie passate + template/CUP_ARTICOLI MERCIARI/ARTICOLI MERCIARI/corretto applicare il CUP alle occupazioni su aree private ad uso pubblico.docx,
giurisprudenza-normativa-generale/cos_è la soggettività passiva in via mediata e quando si applica.docx,.docx,20533,700fd75a102c,duplicate,0,Memorie passate + template/CUP_ARTICOLI MERCIARI/ARTICOLI MERCIARI/cos_è la soggettività passiva in via mediata e quando si applica.docx,
giurisprudenza-normativa-generale/descrizione Alessandro Merciari.docx,.docx,12406,88b582090f07,duplicate,0,Memorie passate + template/CUP_ARTICOLI MERCIARI/ARTICOLI MERCIARI/descrizione Alessandro Merciari.docx,
giurisprudenza-normativa-generale/diverso effetto della dichiarazione.docx,.docx,13089,287646506de8,duplicate,0,Memorie passate + template/CUP_ARTICOLI MERCIARI/ARTICOLI MERCIARI/diverso effetto della dichiarazione.docx,
giurisprudenza-normativa-generale/effetti notifica.docx,.docx,13619,cad94cfaec23,duplicate,0,Memorie passate + template/CUP_ARTICOLI MERCIARI/ARTICOLI MERCIARI/effetti notifica.docx,
giurisprudenza-normativa-generale/elenco comuni sisma 2016.pdf,.pdf,29829,379fa3eaa30b,duplicate,0,Memorie passate + template/CUP_SENTENZE/elenco comuni sisma 2016.pdf,
giurisprudenza-normativa-generale/esenzione CUP sisma 2016.docx,.docx,16892,527e1282aee8,duplicate,0,Memorie passate + template/CUP_ARTICOLI MERCIARI/ARTICOLI MERCIARI/esenzione CUP sisma 2016.docx,
giurisprudenza-normativa-generale/è corretto l’uso di coefficienti moltiplicatori nelle tariffe CUP.docx,.docx,16413,c779813bbbcf,duplicate,0,Memorie passate + template/CUP_ARTICOLI MERCIARI/ARTICOLI MERCIARI/è corretto l’uso di coefficienti moltiplicatori nelle tariffe CUP.docx,
giurisprudenza-normativa-generale/gli scavi per la maniutenziione delle reti pagano CUP.docx,.docx,18015,583070329f38,duplicate,0,Memorie passate + template/CUP_ARTICOLI MERCIARI/ARTICOLI MERCIARI/gli scavi per la maniutenziione delle reti pagano CUP.docx,
giurisprudenza-normativa-generale/i passi carrabili a raso sono soggetti al pagamento.docx,.docx,18211,fbd62c4add69,duplicate,0,Memorie passate + template/CUP_ARTICOLI MERCIARI/ARTICOLI MERCIARI/i passi carrabili a raso sono soggetti al pagamento.docx,
giurisprudenza-normativa-generale/il CUP quale credito privilegiato nell’insinuazione al passivo ex art. 2752 C.C..docx,.docx,15861,54e5c3b479d3,duplicate,0,Memorie passate + template/CUP_ARTICOLI MERCIARI/ARTICOLI MERCIARI/il CUP quale credito privilegiato nell’insinuazione al passivo ex art. 2752 C.C..docx,
giurisprudenza-normativa-generale/il canone ex articolo 27 del CdS dopo l_introduzione del CUP.docx,.docx,26917,980ce08f0479,duplicate,0,Memorie passate + template/CUP_ARTICOLI MERCIARI/ARTICOLI MERCIARI/il canone ex articolo 27 del CdS dopo l_introduzione del CUP.docx,
giurisprudenza-normativa-generale/il concetto di luogo aperto al pubblico nel presupposto CUP.docx,.docx,17948,d059b4514809,duplicate,0,Memorie passate + template/CUP_ARTICOLI MERCIARI/ARTICOLI MERCIARI/il concetto di luogo aperto al pubblico nel presupposto CUP.docx,
giurisprudenza-normativa-generale/il criterio di misurazione nel canone unico.docx,.docx,19716,b0f6a1f0b2f6,duplicate,0,Memorie passate + template/CUP_ARTICOLI MERCIARI/ARTICOLI MERCIARI/il criterio di misurazione nel canone unico.docx,
giurisprudenza-normativa-generale/il giusto calcolo del CUP per le  antenne.docx,.docx,15520,209777348f00,duplicate,0,Memorie passate + template/CUP_ARTICOLI MERCIARI/ARTICOLI MERCIARI/il giusto calcolo del CUP per le  antenne.docx,
giurisprudenza-normativa-generale/il giusto calcolo del Canone Unico per i mezzi pubblicitari. Conta la disponibilità dell’impianto e non il suo utilizzo.docx,.docx,15923,209e5fbc9b35,duplicate,0,Memorie passate + template/CUP_ARTICOLI MERCIARI/ARTICOLI MERCIARI/il giusto calcolo del Canone Unico per i mezzi pubblicitari. Conta la disponibilità dell’impianto e non il suo utilizzo.docx,
giurisprudenza-normativa-generale/il pagamento del canone per i cavalletti pubblicitari.docx,.docx,12252,542680d9f707,duplicate,0,Memorie passate + template/CUP_ARTICOLI MERCIARI/ARTICOLI MERCIARI/il pagamento del canone per i cavalletti pubblicitari.docx,
giurisprudenza-normativa-generale/il pagamento una tantum per le intercapedini è estendibile ad altre fattispecie.docx,.docx,17955,142e0478ea63,duplicate,0,Memorie passate + template/CUP_ARTICOLI MERCIARI/ARTICOLI MERCIARI/il pagamento una tantum per le intercapedini è estendibile ad altre fattispecie.docx,
giurisprudenza-normativa-generale/il presupposto pubblicitario CUP nel solco della giurisprudenza ICP.docx,.docx,18073,6f162ba969ed,duplicate,0,Memorie passate + template/CUP_ARTICOLI MERCIARI/ARTICOLI MERCIARI/il presupposto pubblicitario CUP nel solco della giurisprudenza ICP.docx,
giurisprudenza-normativa-generale/il presupposto pubblicitario del CUP di esclusiva competenza comunale. Sentenza n. 260 del 27 gennaio 2023 della Corte di Giustizia Tributaria di primo grado di Milano.docx,.docx,16396,808e66ed82ca,duplicate,0,Memorie passate + template/CUP_ARTICOLI MERCIARI/ARTICOLI MERCIARI/il presupposto pubblicitario del CUP di esclusiva competenza comunale. Sentenza n. 260 del 27 gennaio 2023 della Corte di Giustizia Tributaria di primo grado di Milano.docx,
giurisprudenza-normativa-generale/il presupposto pubblicitario.docx,.docx,13713,bc7185c213ff,duplicate,0,Memorie passate + template/CUP_ARTICOLI MERCIARI/ARTICOLI MERCIARI/il presupposto pubblicitario.docx,
giurisprudenza-normativa-generale/in quali rari casi applicare l_esenzione per le insegne esposte presso i cantieri.docx,.docx,18080,5cfabf23913f,duplicate,0,Memorie passate + template/CUP_ARTICOLI MERCIARI/ARTICOLI MERCIARI/in quali rari casi applicare l_esenzione per le insegne esposte presso i cantieri.docx,
giurisprudenza-normativa-generale/indice monografia.docx,.docx,18698,4a0516f5cf15,duplicate,0,Memorie passate + template/CUP_ARTICOLI MERCIARI/ARTICOLI MERCIARI/indice monografia.docx,
giurisprudenza-normativa-generale/insegne d_esercizio e impianti pubblicitari. come autorizzare.docx,.docx,0,e3b0c44298fc,duplicate,0,Memorie passate + template/CONTENZIOSO_Maria_Rosa/TELEFONIA/AGCOM RELAZIONE ANNUALE 2024.pdf,
giurisprudenza-normativa-generale/l_applicazione del canone non ricognitorio del Codice della Strada dopo l_introduzione del CUP.docx,.docx,24948,c8e42dd8fd8e,duplicate,0,Memorie passate + template/CUP_ARTICOLI MERCIARI/ARTICOLI MERCIARI/l_applicazione del canone non ricognitorio del Codice della Strada dopo l_introduzione del CUP.docx,
giurisprudenza-normativa-generale/l_attività di accertamento per le occupazioni disciplinate nel comma 831.docx,.docx,160276,64fd88899425,duplicate,0,Memorie passate + template/CUP_ARTICOLI MERCIARI/ARTICOLI MERCIARI/l_attività di accertamento per le occupazioni disciplinate nel comma 831.docx,
giurisprudenza-normativa-generale/l_autonomia condizionata degli enti nel definire il proprio impianto tariffario. Vietato stabilire tariffe sproporzionate..docx,.docx,18767,f382d35340d8,duplicate,0,Memorie passate + template/CUP_ARTICOLI MERCIARI/ARTICOLI MERCIARI/l_autonomia condizionata degli enti nel definire il proprio impianto tariffario. Vietato stabilire tariffe sproporzionate..docx,
giurisprudenza-normativa-generale/l_importanza dei luoghi di diffusione dei messaggi pubblicitari.docx,.docx,17311,031525ec5cdd,duplicate,0,Memorie passate + template/CUP_ARTICOLI MERCIARI/ARTICOLI MERCIARI/l_importanza dei luoghi di diffusione dei messaggi pubblicitari.docx,
giurisprudenza-normativa-generale/l_occupazione di suolo pubblico per conto dell_università è soggetta al pagamento CUP.docx,.docx,17541,2a4ba5ea713c,duplicate,0,Memorie passate + template/CUP_ARTICOLI MERCIARI/ARTICOLI MERCIARI/l_occupazione di suolo pubblico per conto dell_università è soggetta al pagamento CUP.docx,
giurisprudenza-normativa-generale/l_utenza telefonica collegata a mezzo FWA non deve essere conteggiata per il pagamento del CUP.docx,.docx,17657,2fcc703dcb35,duplicate,0,Memorie passate + template/CUP_ARTICOLI MERCIARI/ARTICOLI MERCIARI/l_utenza telefonica collegata a mezzo FWA non deve essere conteggiata per il pagamento del CUP.docx,
giurisprudenza-normativa-generale/la Corte di Cassazione interviene sul termine di prescrizione del Canone per l_occupazione di suolo pubblico NT+.docx,.docx,16641,fbe451416ddf,duplicate,0,Memorie passate + template/CUP_ARTICOLI MERCIARI/ARTICOLI MERCIARI/la Corte di Cassazione interviene sul termine di prescrizione del Canone per l_occupazione di suolo pubblico NT+.docx,
giurisprudenza-normativa-generale/la componente pubblicitaria del CUP ha natura tributaria.docx,.docx,16372,f9ab39bd2320,duplicate,0,Memorie passate + template/CUP_ARTICOLI MERCIARI/ARTICOLI MERCIARI/la componente pubblicitaria del CUP ha natura tributaria.docx,
giurisprudenza-normativa-generale/la corte dei conti interviene sulle esenzioni cup.docx,.docx,18228,525a645900ae,duplicate,0,Memorie passate + template/CUP_ARTICOLI MERCIARI/ARTICOLI MERCIARI/la corte dei conti interviene sulle esenzioni cup.docx,
giurisprudenza-normativa-generale/la durata massima delle autorizzazioni di passo carrabile.docx,.docx,19412,ba556c8b4dc6,duplicate,0,Memorie passate + template/CUP_ARTICOLI MERCIARI/ARTICOLI MERCIARI/la durata massima delle autorizzazioni di passo carrabile.docx,
giurisprudenza-normativa-generale/la gestione delle pubbliche affissioni con il regime CUP.docx,.docx,17819,4ddb60193f3a,duplicate,0,Memorie passate + template/CUP_ARTICOLI MERCIARI/ARTICOLI MERCIARI/la gestione delle pubbliche affissioni con il regime CUP.docx,
giurisprudenza-normativa-generale/la giusta tariffa per impianti pubblicitari su suolo pubblico.docx,.docx,16773,b1f138172b7b,duplicate,0,Memorie passate + template/CUP_ARTICOLI MERCIARI/ARTICOLI MERCIARI/la giusta tariffa per impianti pubblicitari su suolo pubblico.docx,
giurisprudenza-normativa-generale/la modifica del comma 825 articolo 1 L.1602019 non è norma di interpretazione autentica.docx,.docx,14454,bff07b3229f8,duplicate,0,Memorie passate + template/CUP_ARTICOLI MERCIARI/ARTICOLI MERCIARI/la modifica del comma 825 articolo 1 L.1602019 non è norma di interpretazione autentica.docx,
giurisprudenza-normativa-generale/la posizione della società che gestisce l’infrastruttura telefonica nel nostro Paese sul tema della soggettività passiva in via mediata.docx,.docx,17545,efb9a5316912,duplicate,0,Memorie passate + template/CUP_ARTICOLI MERCIARI/ARTICOLI MERCIARI/la posizione della società che gestisce l’infrastruttura telefonica nel nostro Paese sul tema della soggettività passiva in via mediata.docx,
giurisprudenza-normativa-generale/la procedura semplificata per i nuovi dehor e il rinnovo automatico per il 2025.docx,.docx,15805,3ca761117d28,duplicate,0,Memorie passate + template/CUP_ARTICOLI MERCIARI/ARTICOLI MERCIARI/la procedura semplificata per i nuovi dehor e il rinnovo automatico per il 2025.docx,
giurisprudenza-normativa-generale/la pubblicità in vetrina.docx,.docx,22622,7dfce6689fa0,duplicate,0,Memorie passate + template/CUP_ARTICOLI MERCIARI/ARTICOLI MERCIARI/la pubblicità in vetrina.docx,
giurisprudenza-normativa-generale/la pubblicità per conto terzi realizzata all’interno degli impianti sportivi deve pagare il CUP.docx,.docx,17676,7f3f654c925b,duplicate,0,Memorie passate + template/CUP_ARTICOLI MERCIARI/ARTICOLI MERCIARI/la pubblicità per conto terzi realizzata all’interno degli impianti sportivi deve pagare il CUP.docx,
giurisprudenza-normativa-generale/la pubblicità realizzata lungo le strade statali rimane di esclusiva competenza del Comune rev.1.docx,.docx,17900,a833fac9ac8f,duplicate,0,Memorie passate + template/CUP_ARTICOLI MERCIARI/ARTICOLI MERCIARI/la pubblicità realizzata lungo le strade statali rimane di esclusiva competenza del Comune rev.1.docx,
giurisprudenza-normativa-generale/la pubblicità realizzata sui veicoli.docx,.docx,13600,0b924d215bae,duplicate,0,Memorie passate + template/CUP_ARTICOLI MERCIARI/ARTICOLI MERCIARI/la pubblicità realizzata sui veicoli.docx,
giurisprudenza-normativa-generale/la pubblicità si paga al comune.docx,.docx,15347,6587490db9a5,duplicate,0,Memorie passate + template/CUP_ARTICOLI MERCIARI/ARTICOLI MERCIARI/la pubblicità si paga al comune.docx,
giurisprudenza-normativa-generale/la pubblicità sui camion vela.docx,.docx,14107,f5cd6a41ee15,duplicate,0,Memorie passate + template/CUP_ARTICOLI MERCIARI/ARTICOLI MERCIARI/la pubblicità sui camion vela.docx,
giurisprudenza-normativa-generale/la revoca della concessione per debiti tributari.docx,.docx,14172,67203ba68586,duplicate,0,Memorie passate + template/CUP_ARTICOLI MERCIARI/ARTICOLI MERCIARI/la revoca della concessione per debiti tributari.docx,
giurisprudenza-normativa-generale/la rilevazione qualificata dell’agente accertatore in materia di CUP.docx,.docx,16486,7740dd8f06da,duplicate,0,Memorie passate + template/CUP_ARTICOLI MERCIARI/ARTICOLI MERCIARI/la rilevazione qualificata dell’agente accertatore in materia di CUP.docx,
giurisprudenza-normativa-generale/la sanzione per omesso versamento nella disciplina del Canone Unico.docx,.docx,16258,e72500d81228,duplicate,0,Memorie passate + template/CUP_ARTICOLI MERCIARI/ARTICOLI MERCIARI/la sanzione per omesso versamento nella disciplina del Canone Unico.docx,
giurisprudenza-normativa-generale/la separazione delle attività per via contrattuale .docx,.docx,21528,1c2cab43595e,duplicate,0,Memorie passate + template/CUP_ARTICOLI MERCIARI/ARTICOLI MERCIARI/la separazione delle attività per via contrattuale .docx,
giurisprudenza-normativa-generale/la separazione delle attività per via contrattuale e la soggettività passiva in via mediata.docx,.docx,21084,279b45881879,duplicate,0,Memorie passate + template/CUP_ARTICOLI MERCIARI/ARTICOLI MERCIARI/la separazione delle attività per via contrattuale e la soggettività passiva in via mediata.docx,
giurisprudenza-normativa-generale/la servitù di pubblico passaggio nel Canone Unico Patrimoniale.docx,.docx,15697,e5b6e368bfbe,duplicate,0,Memorie passate + template/CUP_ARTICOLI MERCIARI/ARTICOLI MERCIARI/la servitù di pubblico passaggio nel Canone Unico Patrimoniale.docx,
giurisprudenza-normativa-generale/la tariffa del canone mercatale.docx,.docx,16715,98edb147e6a1,duplicate,0,Memorie passate + template/CUP_ARTICOLI MERCIARI/ARTICOLI MERCIARI/la tariffa del canone mercatale.docx,
giurisprudenza-normativa-generale/le  antenne di telefonia mobile non sono un servizio pubblico.docx,.docx,23767,ed11c960507c,duplicate,0,Memorie passate + template/CUP_ARTICOLI MERCIARI/ARTICOLI MERCIARI/le  antenne di telefonia mobile non sono un servizio pubblico.docx,
giurisprudenza-normativa-generale/le condutture del servizio idrico integrato pagano il Canone.docx,.docx,15719,0782da8af274,duplicate,0,Memorie passate + template/CUP_ARTICOLI MERCIARI/ARTICOLI MERCIARI/le condutture del servizio idrico integrato pagano il Canone.docx,
giurisprudenza-normativa-generale/le fermate del TPL esenti dal pagamento CUP - integrazione.docx,.docx,15746,8d9379ef1631,duplicate,0,Memorie passate + template/CUP_ARTICOLI MERCIARI/ARTICOLI MERCIARI/le fermate del TPL esenti dal pagamento CUP - integrazione.docx,
giurisprudenza-normativa-generale/le foto di Google sono una prova ai fini dell’accertamento CUP.docx,.docx,16828,04bcc3a12e30,duplicate,0,Memorie passate + template/CUP_ARTICOLI MERCIARI/ARTICOLI MERCIARI/le foto di Google sono una prova ai fini dell’accertamento CUP.docx,
giurisprudenza-normativa-generale/le infrastrutture di rete realizzate con finanziamenti pubblici non godono di esenzione CUP.docx,.docx,18050,0c05f1325b5a,duplicate,0,Memorie passate + template/CUP_ARTICOLI MERCIARI/ARTICOLI MERCIARI/le infrastrutture di rete realizzate con finanziamenti pubblici non godono di esenzione CUP.docx,
giurisprudenza-normativa-generale/le insegne degli enti senza scopo di lucro sono esenti dal pagamento del CUP.docx,.docx,13458,608eb173877f,duplicate,0,Memorie passate + template/CUP_ARTICOLI MERCIARI/ARTICOLI MERCIARI/le insegne degli enti senza scopo di lucro sono esenti dal pagamento del CUP.docx,
giurisprudenza-normativa-generale/le insegne delle farmacie.docx,.docx,25395,06d03a79bacb,duplicate,0,Memorie passate + template/CUP_ARTICOLI MERCIARI/ARTICOLI MERCIARI/le insegne delle farmacie.docx,
giurisprudenza-normativa-generale/le modalità di rilievo degli impianti pubblicitari e la figura dell’Accertatore delle entrate.docx,.docx,19612,51ec43840f72,duplicate,0,Memorie passate + template/CUP_ARTICOLI MERCIARI/ARTICOLI MERCIARI/le modalità di rilievo degli impianti pubblicitari e la figura dell’Accertatore delle entrate.docx,
giurisprudenza-normativa-generale/le occupazioni realizzate da enti pubblici non sono sempre esenti.docx,.docx,20902,514404d79d64,duplicate,0,Memorie passate + template/CUP_ARTICOLI MERCIARI/ARTICOLI MERCIARI/le occupazioni realizzate da enti pubblici non sono sempre esenti.docx,
giurisprudenza-normativa-generale/legittimo aumentare le tariffe CUP.docx,.docx,18259,22e54c6db7b2,duplicate,0,Memorie passate + template/CUP_ARTICOLI MERCIARI/ARTICOLI MERCIARI/legittimo aumentare le tariffe CUP.docx,
giurisprudenza-normativa-generale/legittimo il diniego alla concessione di suolo pubblico in caso di morosità del richiedente.docx,.docx,16149,85fa68166b35,duplicate,0,Memorie passate + template/CUP_ARTICOLI MERCIARI/ARTICOLI MERCIARI/legittimo il diniego alla concessione di suolo pubblico in caso di morosità del richiedente.docx,
giurisprudenza-normativa-generale/l’Antitrust avvia un’istruttoria sulla divisione TIM e FiberCop.docx,.docx,19623,4dc26f035170,duplicate,0,Memorie passate + template/CUP_ARTICOLI MERCIARI/ARTICOLI MERCIARI/l’Antitrust avvia un’istruttoria sulla divisione TIM e FiberCop.docx,
giurisprudenza-normativa-generale/l’individuazione del soggetto passivo nel CUP.docx,.docx,16089,6e21bb1a125d,duplicate,0,Memorie passate + template/CUP_ARTICOLI MERCIARI/ARTICOLI MERCIARI/l’individuazione del soggetto passivo nel CUP.docx,
giurisprudenza-normativa-generale/l’istruttoria per l’autorizzazione dei Passi Carrabili.docx,.docx,23423,4493aa8557d3,duplicate,0,Memorie passate + template/CUP_ARTICOLI MERCIARI/ARTICOLI MERCIARI/l’istruttoria per l’autorizzazione dei Passi Carrabili.docx,
giurisprudenza-normativa-generale/monografia La figura del Pubblico Ufficiale in ambito CUP.docx,.docx,72776,75248ca5c506,duplicate,0,Memorie passate + template/CUP_ARTICOLI MERCIARI/ARTICOLI MERCIARI/monografia La figura del Pubblico Ufficiale in ambito CUP.docx,
giurisprudenza-normativa-generale/nuova sentenza sulla prescrizione decennale del canone per l_occupazione del suolo pubblico.docx,.docx,16582,d7eb55d76e35,duplicate,0,Memorie passate + template/CUP_ARTICOLI MERCIARI/ARTICOLI MERCIARI/nuova sentenza sulla prescrizione decennale del canone per l_occupazione del suolo pubblico.docx,
giurisprudenza-normativa-generale/nuova sentenza sulla soggettività passiva in via mediata.docx,.docx,18212,ac9152ecb5c4,duplicate,0,Memorie passate + template/CUP_ARTICOLI MERCIARI/ARTICOLI MERCIARI/nuova sentenza sulla soggettività passiva in via mediata.docx,
giurisprudenza-normativa-generale/nuova sentenza sulle antenne.docx,.docx,17459,a3c09a712573,duplicate,0,Memorie passate + template/CUP_ARTICOLI MERCIARI/ARTICOLI MERCIARI/nuova sentenza sulle antenne.docx,
giurisprudenza-normativa-generale/nuovi importanti chiarimenti sul tema dell’invarianza di gettito del CUP.docx,.docx,16814,37327a892033,duplicate,0,Memorie passate + template/CUP_ARTICOLI MERCIARI/ARTICOLI MERCIARI/nuovi importanti chiarimenti sul tema dell’invarianza di gettito del CUP.docx,
giurisprudenza-normativa-generale/occupazioni  permanenti.docx,.docx,15056,84a82305b63d,duplicate,0,Memorie passate + template/CUP_ARTICOLI MERCIARI/ARTICOLI MERCIARI/occupazioni  permanenti.docx,
giurisprudenza-normativa-generale/orientamento sempre più consolidato nei contenziosi sulla tassazione dei viadotti autostradali.docx,.docx,14176,fbd9c8b135d7,duplicate,0,Memorie passate + template/CUP_ARTICOLI MERCIARI/ARTICOLI MERCIARI/orientamento sempre più consolidato nei contenziosi sulla tassazione dei viadotti autostradali.docx,
giurisprudenza-normativa-generale/pagano il CUP i cartelli esposti all’interno dell’area camping .docx,.docx,17956,4dabdfb5e5f3,duplicate,0,Memorie passate + template/CUP_ARTICOLI MERCIARI/ARTICOLI MERCIARI/pagano il CUP i cartelli esposti all’interno dell’area camping .docx,
giurisprudenza-normativa-generale/perchè le società concessionarie per le autostrade impugnano il CUP davanti al TAR - parte 2.docx,.docx,22960,b4345b0c7176,duplicate,0,Memorie passate + template/CUP_ARTICOLI MERCIARI/ARTICOLI MERCIARI/perchè le società concessionarie per le autostrade impugnano il CUP davanti al TAR - parte 2.docx,
giurisprudenza-normativa-generale/perchè le società concessionarie per le autostrade impugnano il CUP davanti al TAR.docx,.docx,20072,d604e485aaf2,duplicate,0,Memorie passate + template/CUP_ARTICOLI MERCIARI/ARTICOLI MERCIARI/perchè le società concessionarie per le autostrade impugnano il CUP davanti al TAR.docx,
giurisprudenza-normativa-generale/presentazione monografia rev.1.docx,.docx,14594,f7eece340767,duplicate,0,Memorie passate + template/CUP_ARTICOLI MERCIARI/ARTICOLI MERCIARI/presentazione monografia rev.1.docx,
giurisprudenza-normativa-generale/problemi  tariife mercati.docx,.docx,16425,02164589311c,duplicate,0,Memorie passate + template/CUP_ARTICOLI MERCIARI/ARTICOLI MERCIARI/problemi  tariife mercati.docx,
giurisprudenza-normativa-generale/procedura chiusura attività per occupazioni abusive.docx,.docx,17378,cce5d417439d,duplicate,0,Memorie passate + template/CUP_ARTICOLI MERCIARI/ARTICOLI MERCIARI/procedura chiusura attività per occupazioni abusive.docx,
giurisprudenza-normativa-generale/programma merciari.docx,.docx,14376,b4a28e77ffc8,duplicate,0,Memorie passate + template/CUP_ARTICOLI MERCIARI/ARTICOLI MERCIARI/programma merciari.docx,
"giurisprudenza-normativa-generale/proroghe e rinnovi dehors, il punto dopo il periodo emergenziale e la Legge sulla concorrenza.docx",.docx,106111,170ee9e959f6,duplicate,0,"Memorie passate + template/CUP_ARTICOLI MERCIARI/ARTICOLI MERCIARI/proroghe e rinnovi dehors, il punto dopo il periodo emergenziale e la Legge sulla concorrenza.docx",
giurisprudenza-normativa-generale/pubblicato l’osservatorio sulle comunicazioni di AGCOM numero 1 del 2024.docx,.docx,18959,9ad5880eaa9e,duplicate,0,Memorie passate + template/CUP_ARTICOLI MERCIARI/ARTICOLI MERCIARI/pubblicato l’osservatorio sulle comunicazioni di AGCOM numero 1 del 2024.docx,
giurisprudenza-normativa-generale/pubblicità sugli autobus del trasporto pubblico locale.docx,.docx,18605,77959557dda6,duplicate,0,Memorie passate + template/CUP_ARTICOLI MERCIARI/ARTICOLI MERCIARI/pubblicità sugli autobus del trasporto pubblico locale.docx,
giurisprudenza-normativa-generale/quando non serve l_autorizzazione per gli impianti pubblicitari.docx,.docx,13493,c6112ac733ab,duplicate,0,Memorie passate + template/CUP_ARTICOLI MERCIARI/ARTICOLI MERCIARI/quando non serve l_autorizzazione per gli impianti pubblicitari.docx,
giurisprudenza-normativa-generale/quesito occupazioni abusive.docx,.docx,15598,e97b65ab47b6,duplicate,0,Memorie passate + template/CUP_ARTICOLI MERCIARI/ARTICOLI MERCIARI/quesito occupazioni abusive.docx,
giurisprudenza-normativa-generale/quesito piattaforma Smart24 CONCESSIONE O APPALTO.docx,.docx,15813,e9ec3107dcc7,duplicate,0,Memorie passate + template/CUP_ARTICOLI MERCIARI/ARTICOLI MERCIARI/quesito piattaforma Smart24 CONCESSIONE O APPALTO.docx,
giurisprudenza-normativa-generale/quesito piattaforma integrazione.docx,.docx,20419,98eb5949f144,duplicate,0,Memorie passate + template/CUP_ARTICOLI MERCIARI/ARTICOLI MERCIARI/quesito piattaforma integrazione.docx,
giurisprudenza-normativa-generale/quesito piattaforma.docx,.docx,20209,e741096a696b,duplicate,0,Memorie passate + template/CUP_ARTICOLI MERCIARI/ARTICOLI MERCIARI/quesito piattaforma.docx,
giurisprudenza-normativa-generale/quesito smart24.docx,.docx,19554,2a92ff9f2454,duplicate,0,Memorie passate + template/CUP_ARTICOLI MERCIARI/ARTICOLI MERCIARI/quesito smart24.docx,
giurisprudenza-normativa-generale/quesito sul presupposto pubblicitario.docx,.docx,17488,c9160c04df18,duplicate,0,Memorie passate + template/CUP_ARTICOLI MERCIARI/ARTICOLI MERCIARI/quesito sul presupposto pubblicitario.docx,
giurisprudenza-normativa-generale/rivalutazione ISTAT.docx,.docx,14602,6936239e7fff,duplicate,0,Memorie passate + template/CUP_ARTICOLI MERCIARI/ARTICOLI MERCIARI/rivalutazione ISTAT.docx,
giurisprudenza-normativa-generale/sentenza  viadotti 22 luglio 2022.pdf,.pdf,144512,05cada58ac38,duplicate,0,Memorie passate + template/CUP_SENTENZE/sentenza  viadotti 22 luglio 2022.pdf,
giurisprudenza-normativa-generale/sentenza di Cassazione 530 2022.pdf,.pdf,358757,960596d6fe29,duplicate,0,Memorie passate + template/CUP_SENTENZE/sentenza di Cassazione 530 2022.pdf,
giurisprudenza-normativa-generale/sentenza su 10 per cento.pdf,.pdf,2259709,98e4a91306e5,duplicate,0,Memorie passate + template/CUP_SENTENZE/sentenza su 10 per cento.pdf,
giurisprudenza-normativa-generale/sentenza viadotti 2021.pdf,.pdf,226092,481f654661ef,duplicate,0,Memorie passate + template/CUP_SENTENZE/sentenza viadotti 2021.pdf,
giurisprudenza-normativa-generale/sentenza-cds-03022025-805.pdf,.pdf,823859,ff11aed788dd,duplicate,0,Memorie passate + template/CUP_SENTENZE/sentenza-cds-03022025-805.pdf,
giurisprudenza-normativa-generale/sulla giurisdizione del CUP deve pronunciarsi la Corte di Cassazione.docx,.docx,17677,ce80408807f9,duplicate,0,Memorie passate + template/CUP_ARTICOLI MERCIARI/ARTICOLI MERCIARI/sulla giurisdizione del CUP deve pronunciarsi la Corte di Cassazione.docx,
